Категории;Характеристики;Основная категория;Артикул;Короткое название;Показывать товар;Трансазия;Описание;Бренд;Фотографии;Цена_Розничная
Бытовая химия/Моющие средства/Средства для мытья полов и стен;"(Характеристики товара (Бытовая химия))Тип товара:Чистящее средство;
(Характеристики товара (Бытовая химия))Бренд:BIO MIO;
(Характеристики товара (Бытовая химия))Страна происхождения:РОССИЯ;
(Характеристики товара (Бытовая химия))EAN:4603014008008;
(Характеристики товара (Бытовая химия))Объем:750 мл;
(Характеристики товара (Бытовая химия))Код товара:CB-00041708";Бытовая химия/Моющие средства/Средства для мытья полов и стен;430515;BIO MIO чистящее средство Bio-cleaner средство для мытья полов концентрат c маслом мелиссы 750 мл;1;195;Эффективно и бережно очищает различные поверхности: ламинат,линолеум, паркетную доску, керамическую плитку, пластик,каменные и деревянные полы.</p><br>ОСОБЕННОСТИ ПРОДУКТА:<li>Устраняет неприятные запахи и ароматизирует.</li><li>Не требует смывания с поверхности, не оставляет разводов,</li><li>Придает блеск.</li><li>Гипоаллергенно.</li><li>99,7% натуральных ингредиентов.</li><li>Концентрированная формула обеспечивает экономичный расход.</li><li>Содержит ионы серебра.</li><li>Подходит для использования в домах с автономной канализацией.</li><li>Не наносит вреда любым видам септиков.</li><li> Биоразлагаемый состав.</li>;BIO-MIO;/storage/photo/original/a/bio-mio-chistyashee-sredstvo-bio-cleaner-sredstvo-dlya-mitya-polov-koncentrat-c-maslom-melissi-750-ml.jpg;244
Бытовая химия/Моющие средства/Средства для мытья стекол и зеркал;"(Характеристики товара (Бытовая химия))Тип товара:Моющее средство;
(Характеристики товара (Бытовая химия))Бренд:ORGANIC PEOPLE;
(Характеристики товара (Бытовая химия))Страна происхождения:РОССИЯ;
(Характеристики товара (Бытовая химия))EAN:4680007201615;
(Характеристики товара (Бытовая химия))Объем:500 мл;
(Характеристики товара (Бытовая химия))Код товара:CB-00045577";Бытовая химия/Моющие средства/Средства для мытья стекол и зеркал;430516;ORGANIC PEOPLE эко-спрей для стекол и зеркал с органическим лимоном и апельсином 500 мл;1;182;"Безопасное и простое в применении средство для очищения стекол, зеркал и любых гладких поверхностей в доме. Содержит 90% натуральных компонентов, обогащено органическими экстрактами лимона и апельсина, которые являются природными антисептиками и наполняют комнату приятным, цитрусовым ароматом. Устраняет различные загрязнения, жирные пятна и следы пальцев, не оставляя разводов. В отличие от большинства моющих средств не раздражает дыхательные пути и не содержит опасных химических веществ.
</p>

ОСОБЕННОСТИ ПРОДУКТА:
<li>Не содержит: Парабены, SLS , EDTA и NTA, Нефтепродукты, Соляная кислота, Фосфаты, Хлор, Фталаты, Фенолы, Сульфаты, Формальдегид, Гипохлорид натрия, Синтетические отдушки и красители
<li>Обогащено органическим маслом лимона и апельсина
<li>Не оставляет разводов";ORGANIC PEOPLE;/storage/photo/original/a/organic-people-eko-sprej-dlya-stekol-i-zerkal-s-organicheskim-limonom-i-apelsinom-500-ml.jpg;228
Бытовая химия/Моющие средства/Средства для ручного мытья посуды;"(Характеристики товара (Бытовая химия))Тип товара:Для посуды;
(Характеристики товара (Бытовая химия))Бренд:FAIRY;
(Характеристики товара (Бытовая химия))Серия:Pure & Clean;
(Характеристики товара (Бытовая химия))Для кого:Для взрослых;
(Характеристики товара (Бытовая химия))Страна происхождения:РОССИЯ;
(Характеристики товара (Бытовая химия))Фасовка:0,4 - 0,7 л;
(Характеристики товара (Бытовая химия))EAN:8001090837455;
(Характеристики товара (Бытовая химия))Объем:650 мл;
(Характеристики товара (Бытовая химия))Код товара:CB-00030637";Бытовая химия/Моющие средства/Средства для ручного мытья посуды;430517;FAIRY средство для мытья посуды Pure & Clean 650 мл;1;122;"Fairy Pure & Clean, не содержит красителей и ароматизаторов. Новая формула обеспечивает образование активной пены, проникающей вглубь загрязнения и расщепляющей его изнутри даже в холодной воде, не требуя дополнительного замачивания. В том числе осуществляет уход за стеклянной посудой, предотвращая коррозию и износ, а также образование разводов и помутнения после мытья. Густая консистенция, дает возможность экономно расходовать моющее средство и отмыть большее количество посуды. Обладает приятным ароматом ягодной свежести. Не оказывает воздействия на кожу рук.</p><br>ОСОБЕННОСТИ ПРОДУКТА:<br>
<br>
<li> O% Красителей и Ароматизаторов
<li> Быстро справляется с засохшим жиром</li>
<li> Эффективно справляется с самыми сложными жировыми загрязнениями</li>
<li> Без остатка смывается водой</li>
<li> Мягкий для рук</li>
<li> Экономичная концентрированная формула.
<li> Удобная и герметичная упаковка.</li>";FAIRY;/storage/photo/original/a/fairy-sredstvo-dlya-mitya-posudi-pure-clean-650-ml.jpg;153
Бытовая химия/Чистящие средства/Чистящие средства для кухни;"(Характеристики товара (Бытовая химия))Тип товара:Чистящее средство;
(Характеристики товара (Бытовая химия))Бренд:VORTEX;
(Характеристики товара (Бытовая химия))Форма:Спрей;
(Характеристики товара (Бытовая химия))Страна происхождения:РОССИЯ;
(Характеристики товара (Бытовая химия))Область применения:Металл, Нагар, Плита, Посуда;
(Характеристики товара (Бытовая химия))EAN:4630008889046;
(Характеристики товара (Бытовая химия))Объем:500 мл;
(Характеристики товара (Бытовая химия))Код товара:CB-00035946";Бытовая химия/Чистящие средства/Чистящие средства для кухни;430518;VORTEX	чистящее средство Daze для обезжиривания и удаления нагара 500 мл;1;139;"Щелочное моющее средство с высоким пенообразованием предназначено для удаления жира, нагара, копоти с посуды, кухонных плит, коптильных камер, грилей
Обладает высоким смачивающим, очищающим, эмульгирующим дейсвтвием
Эффективно удаляет белково-жировые пригары и смолы
Предназначено для удаления загрязнений с оборудования и поверхностей, стойких к воздействию щелочи
Легко смывается с поверхности";VORTEX;/storage/photo/original/a/vortexchistyashee-sredstvo-daze-dlya-obezzhirivaniya-i-udaleniya-nagara-500-ml.jpg;147
Бытовая химия/Чистящие средства/Чистящие средства для кухни;"(Характеристики товара (Бытовая химия))Тип товара:Чистящее средство;
(Характеристики товара (Бытовая химия))Бренд:VORTEX;
(Характеристики товара (Бытовая химия))Форма:Жидкость;
(Характеристики товара (Бытовая химия))Страна происхождения:РОССИЯ;
(Характеристики товара (Бытовая химия))Область применения:Металл, Нагар, Плита, Посуда;
(Характеристики товара (Бытовая химия))EAN:4630008889053;
(Характеристики товара (Бытовая химия))Объем:1 л;
(Характеристики товара (Бытовая химия))Код товара:CB-00035947";Бытовая химия/Чистящие средства/Чистящие средства для кухни;430519;VORTEX	чистящее средство Daze для обезжиривания и удаления нагара 1 л;1;182;"Щелочное моющее средство с высоким пенообразованием предназначено для удаления жира, нагара, копоти с посуды, кухонных плит, коптильных камер, грилей
Обладает высоким смачивающим, очищающим, эмульгирующим дейсвтвием
Эффективно удаляет белково-жировые пригары и смолы
Предназначено для удаления загрязнений с оборудования и поверхностей, стойких к воздействию щелочи
Легко смывается с поверхности";VORTEX;/storage/photo/original/a/vortexchistyashee-sredstvo-daze-dlya-obezzhirivaniya-i-udaleniya-nagara-1-l.jpg;222
Бытовая химия/Чистящие средства/Чистящие средства для туалета и ванной комнаты;"(Характеристики товара (Бытовая химия))Тип товара:Туалетные блоки;
(Характеристики товара (Бытовая химия))Бренд:BREF;
(Характеристики товара (Бытовая химия))Страна происхождения:СЕРБИЯ;
(Характеристики товара (Бытовая химия))EAN:9000100656863;
(Характеристики товара (Бытовая химия))Количество:2 шт;
(Характеристики товара (Бытовая химия))Код товара:CB-00028437";Бытовая химия/Чистящие средства/Чистящие средства для туалета и ванной комнаты;430520;BREF туалетный блок Сила-Актив океанский бриз 2 шт;1;260;"Чистящее средство для унитаза Bref Сила-Актив Лимонная Свежесть - это подвесной туалетный блок с формулой 4 в 1, который обеспечивает:
1. Гигиеническую чистоту
2. Защиту от известкового налета
3. Лимонную свежесть
4. Обильную пену
Bref Сила-Актив - чистота и свежесть с каждым смыванием!
Состав: >30% анионные ПАВ; 5-15% неионогенные ПАВ; <5% краситель, комплексообразователь, растворитель, отдушка (в т.ч. гераниол, лимонен, линалоол, цитраль, цитронеллол); соли неорганические, вода.";BREF;/storage/photo/original/a/bref-tualetnij-blok-sila-aktiv-okeanskij-briz-2-sht.jpg;325
Бытовая химия/Чистящие средства/Чистящие средства для туалета и ванной комнаты;"(Характеристики товара (Бытовая химия))Тип товара:Туалетные блоки;
(Характеристики товара (Бытовая химия))Бренд:BREF;
(Характеристики товара (Бытовая химия))Страна происхождения:СЕРБИЯ;
(Характеристики товара (Бытовая химия))EAN:9000100625319;
(Характеристики товара (Бытовая химия))Количество:1 шт;
(Характеристики товара (Бытовая химия))Код товара:CB-00028434";Бытовая химия/Чистящие средства/Чистящие средства для туалета и ванной комнаты;430521;BREF туалетный блок Сила-Актив океанский бриз 1 шт;1;153;"Чистящее средство для унитаза Bref Сила-Актив Лимонная Свежесть - это подвесной туалетный блок с формулой 4 в 1, который обеспечивает:
1. Гигиеническую чистоту
2. Защиту от известкового налета
3. Лимонную свежесть
4. Обильную пену
Bref Сила-Актив - чистота и свежесть с каждым смыванием!
Состав: >30% анионные ПАВ; 5-15% неионогенные ПАВ; <5% краситель, комплексообразователь, растворитель, отдушка (в т.ч. гераниол, лимонен, линалоол, цитраль, цитронеллол); соли неорганические, вода.";BREF;/storage/photo/original/a/bref-tualetnij-blok-sila-aktiv-okeanskij-briz-1-sht.jpg;191
Бытовая химия/Чистящие средства/Чистящие средства для туалета и ванной комнаты;"(Характеристики товара (Бытовая химия))Тип товара:Туалетные блоки;
(Характеристики товара (Бытовая химия))Бренд:BREF;
(Характеристики товара (Бытовая химия))Страна происхождения:СЕРБИЯ;
(Характеристики товара (Бытовая химия))EAN:9000100956154;
(Характеристики товара (Бытовая химия))Количество:2 шт;
(Характеристики товара (Бытовая химия))Код товара:CB-00028438";Бытовая химия/Чистящие средства/Чистящие средства для туалета и ванной комнаты;430522;BREF туалетный блок Сила-Актив свежесть лаванды 2 шт;1;260;"Чистящее средство для унитаза Bref Сила-Актив Лимонная Свежесть - это подвесной туалетный блок с формулой 4 в 1, который обеспечивает:
1. Гигиеническую чистоту
2. Защиту от известкового налета
3. Лимонную свежесть
4. Обильную пену
Bref Сила-Актив - чистота и свежесть с каждым смыванием!
Состав: >30% анионные ПАВ; 5-15% неионогенные ПАВ; <5% краситель, комплексообразователь, растворитель, отдушка (в т.ч. гераниол, лимонен, линалоол, цитраль, цитронеллол); соли неорганические, вода.";BREF;/storage/photo/original/a/bref-tualetnij-blok-sila-aktiv-svezhest-lavandi-2-sht.jpg;325
Детские товары/Подгузники и пеленание/Впитывающие пеленки;"(Характеристики товара (Детские товары))Тип товара:Пеленки;
(Характеристики товара (Детские товары))Бренд:HELEN HARPER;
(Характеристики товара (Детские товары))Серия:Soft & Dry;
(Характеристики товара (Детские товары))Размер:40х60 см;
(Характеристики товара (Детские товары))Страна происхождения:РОССИЯ;
(Характеристики товара (Детские товары))EAN:5411416032267;
(Характеристики товара (Детские товары))Количество:30 шт;
(Характеристики товара (Детские товары))Код товара:CB-00015802";Детские товары/Подгузники и пеленание/Впитывающие пеленки;710514;HELEN HARPER Детские впитывающие пеленки Soft & Dry 40х60 30 шт;1;328;"Пеленки одноразовые впитывающие Helen Harper не пропускают влагу, и не скользят. Служат дополнительной защитой от влаги во время сна, переодеваний или смены подгузника, посещений врача и детских поликлиник, или для комфорта в гостях.</p>
ОСОБЕННОСТИ ПРОДУКТА:
<li>Размер 40х60 сантиметров
<li>Не ароматизированные
<li>Не пропускают воду";HELEN HARPER;/storage/photo/original/a/helen-harper-detskie-vpitivayushie-pelenki-soft-dry-40h60-30-sht.jpg;410
Детские товары/Подгузники и пеленание/Впитывающие пеленки;"(Характеристики товара (Детские товары))Тип товара:Пеленки;
(Характеристики товара (Детские товары))Бренд:HELEN HARPER;
(Характеристики товара (Детские товары))Серия:Soft & Dry;
(Характеристики товара (Детские товары))Размер:40х60 см;
(Характеристики товара (Детские товары))Страна происхождения:РОССИЯ;
(Характеристики товара (Детские товары))EAN:5411416032243;
(Характеристики товара (Детские товары))Количество:5 шт;
(Характеристики товара (Детские товары))Код товара:CB-00015801";Детские товары/Подгузники и пеленание/Впитывающие пеленки;710515;HELEN HARPER Детские впитывающие пеленки Soft & Dry 40х60 5 шт;1;60;"Пеленки одноразовые впитывающие Helen Harper не пропускают влагу, и не скользят. Служат дополнительной защитой от влаги во время сна, переодеваний или смены подгузника, посещений врача и детских поликлиник, или для комфорта в гостях.</p>
ОСОБЕННОСТИ ПРОДУКТА:
<li>Размер 40х60 сантиметров
<li>Не ароматизированные
<li>Не пропускают воду";HELEN HARPER;/storage/photo/original/a/helen-harper-detskie-vpitivayushie-pelenki-soft-dry-40h60-5-sht.jpg;75
Детские товары/Подгузники и пеленание/Впитывающие пеленки;"(Характеристики товара (Детские товары))Тип товара:Пеленки;
(Характеристики товара (Детские товары))Бренд:HELEN HARPER;
(Характеристики товара (Детские товары))Серия:Soft & Dry;
(Характеристики товара (Детские товары))Размер:60x60 см;
(Характеристики товара (Детские товары))Страна происхождения:РОССИЯ;
(Характеристики товара (Детские товары))EAN:5411416032281;
(Характеристики товара (Детские товары))Количество:30 шт;
(Характеристики товара (Детские товары))Код товара:CB-00015803";Детские товары/Подгузники и пеленание/Впитывающие пеленки;710516;HELEN HARPER Детские впитывающие пеленки Soft & Dry 60x60 30 шт;1;427;"Пеленки одноразовые впитывающие Helen Harper не пропускают влагу, и не скользят. Служат дополнительной защитой от влаги во время сна, переодеваний или смены подгузника, посещений врача и детских поликлиник, или для комфорта в гостях.</p>
ОСОБЕННОСТИ ПРОДУКТА:
<li>Размер 60х60 сантиметров
<li>Не ароматизированные
<li>Не пропускают воду";HELEN HARPER;/storage/photo/original/a/helen-harper-detskie-vpitivayushie-pelenki-soft-dry-60x60-30-sht.jpg;534
Детские товары/Подгузники и пеленание/Впитывающие пеленки;"(Характеристики товара (Детские товары))Тип товара:Пеленки;
(Характеристики товара (Детские товары))Бренд:HELEN HARPER;
(Характеристики товара (Детские товары))Размер:60x90 см;
(Характеристики товара (Детские товары))Страна происхождения:РОССИЯ;
(Характеристики товара (Детские товары))EAN:5411416043553;
(Характеристики товара (Детские товары))Количество:30 шт;
(Характеристики товара (Детские товары))Код товара:CB-00023478";Детские товары/Подгузники и пеленание/Впитывающие пеленки;710517;HELEN HARPER пеленки впитывающие Soft & Dry 60x90 30 шт;1;542;"Пеленки одноразовые впитывающие Helen Harper не пропускают влагу, и не скользят. Служат дополнительной защитой от влаги во время сна, переодеваний или смены подгузника, посещений врача и детских поликлиник, или для комфорта в гостях.</p>
ОСОБЕННОСТИ ПРОДУКТА:
<li>Размер 90х60 сантиметров
<li>Не ароматизированные
<li>Не пропускают воду";HELEN HARPER;/storage/photo/original/a/helen-harper-pelenki-vpitivayushie-soft-dry-60x90-30-sht.jpg;678
Детские товары/Подгузники и пеленание/Подгузники и трусики;"(Характеристики товара (Детские товары))Тип товара:Подгузники;
(Характеристики товара (Детские товары))Бренд:HELEN HARPER;
(Характеристики товара (Детские товары))Серия:Soft & Dry;
(Характеристики товара (Детские товары))Размер:5 (Junior);
(Характеристики товара (Детские товары))Страна происхождения:ЧЕШСКАЯ РЕСПУБЛИКА;
(Характеристики товара (Детские товары))Упаковка:41 - 80 шт;
(Характеристики товара (Детские товары))Вес ребенка:11 кг, 12 кг, 13 кг, 14 кг, 15 кг и более ;
(Характеристики товара (Детские товары))EAN:5411416031802;
(Характеристики товара (Детские товары))Количество:60 шт;
(Характеристики товара (Детские товары))Код товара:CB-00012362";Детские товары/Подгузники и пеленание/Подгузники и трусики;710518;HELEN HARPER подгузники Soft & Dry 5 (11 - 25 кг) 60 шт;1;853;"<p>Детские подгузники Helen Harper Soft & Dry, удобной формы с прочными тянущимися застежками-липучками на боковинках, резиночки на ногах предотвращают протекания. Тонкий, сделан из дышащего материала, не мешает ребенку. Абсорбент надежно запирает влагу внутри подгузника в виде геля. Без отдушек и не вызывает аллергию.</p>
ОСОБЕННОСТИ ПРОДУКТА:
<li>Хорошая защита от протекания
<li>Удобная анатомическая форма
<li>Мягкий дышащий материал
<li>Абсорбент превращается в гель
<li>Прочные тянущиеся застежки-липучки на боковинках, мягкие резиночки на ногах
<li>Гипоаллергенные, не ароматизированные";HELEN HARPER;/storage/photo/original/a/helen-harper-podguzniki-soft-dry-5-11-25-kg-60-sht.jpg;1034
Детские товары/Подгузники и пеленание/Подгузники и трусики;"(Характеристики товара (Детские товары))Тип товара:Трусики;
(Характеристики товара (Детские товары))Бренд:HELEN HARPER;
(Характеристики товара (Детские товары))Размер:5 (Junior);
(Характеристики товара (Детские товары))Страна происхождения:РОССИЯ;
(Характеристики товара (Детские товары))EAN:5411416054719;
(Характеристики товара (Детские товары))Количество:64 шт;
(Характеристики товара (Детские товары))Код товара:CB-00043124";Детские товары/Подгузники и пеленание/Подгузники и трусики;710519;HELEN HARPER трусики-подгузники Soft&Dry Pants Junior 5 (12-18 кг) 64 шт;1;1044;"<p>Трусики Helen Harper Soft&Dry – это хорошее качество по выгодной цене.Малышу будет СУХО и КОМФОРТНО. Трусики мягкие снаружи и внутри, прекрасно впитывают и защищают от протеканий. Дышащий внешний слой обеспечивает постоянный доступ воздуха, препятствуя возникновению раздражений.
</p><br><br>ОСОБЕННОСТИ ПРОДУКТА:<li>Хорошо сидят</li><li>Прекрасно впитывают и защищают от протеканий</li><li>Мягкие, позволяют коже дышать</li>";HELEN HARPER;/storage/photo/original/a/helen-harper-trusiki-podguzniki-softdry-pants-junior-5-12-18-kg-64-sht.jpg;1266
Детские товары/Подгузники и пеленание/Подгузники и трусики;"(Характеристики товара (Детские товары))Тип товара:Трусики;
(Характеристики товара (Детские товары))Бренд:HELEN HARPER;
(Характеристики товара (Детские товары))Размер:6 (Extra Large);
(Характеристики товара (Детские товары))Страна происхождения:РОССИЯ;
(Характеристики товара (Детские товары))EAN:5411416054757;
(Характеристики товара (Детские товары))Количество:44 шт;
(Характеристики товара (Детские товары))Код товара:CB-00042532";Детские товары/Подгузники и пеленание/Подгузники и трусики;710520;HELEN HARPER трусики-подгузники Soft&Dry XL 6 (18+ кг) 44 шт;1;831;"<p>Helen Harper Трусики-подгузники Soft&Dry  – это хорошее качество по выгодной цене.
Малышу будет cухо и комфортно. Трусики мягкие снаружи и внутри, прекрасно впитывают и защищают от протеканий. Дышащий внешний слой обеспечивает постоянный доступ воздуха, препятствуя возникновению раздражений.</p><br><br>ОСОБЕННОСТИ ПРОДУКТА:<li>Хорошо сидят</li><li>Прекрасно впитывают и защищают от протеканий</li><li>Мягкие, позволяют коже дышать</li>";HELEN HARPER;/storage/photo/original/a/helen-harper-trusiki-podguzniki-softdry-xl-6-18-kg-44-sht.jpg;1008
Детские товары/Подгузники и пеленание/Подгузники и трусики;"(Характеристики товара (Детские товары))Тип товара:Подгузники;
(Характеристики товара (Детские товары))Бренд:HELEN HARPER;
(Характеристики товара (Детские товары))Страна происхождения:РОССИЯ;
(Характеристики товара (Детские товары))EAN:5411416032847;
(Характеристики товара (Детские товары))Количество:80 шт;
(Характеристики товара (Детские товары))Код товара:CB-00044965";Детские товары/Подгузники и пеленание/Подгузники и трусики;710521;HELEN HARPER детские подгузники Soft & Dry Midi (4-9кг) 80 шт;1;981;"<p>Подгузники Helen Harper Soft&Dry – это современный, качественный  продукт по доступной цене. Он разработан по новейшим технологиям под контролем специалистов.
Внутренний слой превращает жидкость в гель и надежно удерживает ее внутри.
Анатомическая форма обеспечивает идеальное прилегание и защиту от протеканий.
Эластичные боковинки позволяют малышу чувствовать себя комфортно, многоразовые липучки помогают правильно зафиксировать подгузник.
Дышащий внешний слой обеспечивает циркуляцию воздуха, защищая кожу от раздражений.</p><br><br>ОСОБЕННОСТИ ПРОДУКТА:<li>Хорошо впитывают и не протекают</li><li>Анатомическая форма и эластичные боковинки</li><li>Многоразовые липучки</li><li>Дышащий внешний слой</li>";HELEN HARPER;/storage/photo/original/a/helen-harper-detskie-podguzniki-soft-dry-midi-4-9kg-80-sht.jpg;1190
Детские товары/Подгузники и пеленание/Подгузники и трусики;"(Характеристики товара (Детские товары))Тип товара:Трусики;
(Характеристики товара (Детские товары))Бренд:HELEN HARPER;
(Характеристики товара (Детские товары))Размер:4 (Maxi);
(Характеристики товара (Детские товары))Страна происхождения:РОССИЯ;
(Характеристики товара (Детские товары))EAN:5411416054696;
(Характеристики товара (Детские товары))Количество:72 шт;
(Характеристики товара (Детские товары))Код товара:CB-00043123";Детские товары/Подгузники и пеленание/Подгузники и трусики;710522;HELEN HARPER трусики-подгузники Soft&Dry Pants Maxi 4 (8-13 кг) 72 шт;1;1044;"<p>Трусики Helen Harper Soft&Dry – это хорошее качество по выгодной цене.Малышу будет СУХО и КОМФОРТНО. Трусики мягкие снаружи и внутри, прекрасно впитывают и защищают от протеканий. Дышащий внешний слой обеспечивает постоянный доступ воздуха, препятствуя возникновению раздражений.
</p><br><br>ОСОБЕННОСТИ ПРОДУКТА:<li>Хорошо сидят</li><li>Прекрасно впитывают и защищают от протеканий</li><li>Мягкие, позволяют коже дышать</li>";HELEN HARPER;/storage/photo/original/a/helen-harper-trusiki-podguzniki-softdry-pants-maxi-4-8-13-kg-72-sht.jpg;1266
Детские товары/Подгузники и пеленание/Подгузники и трусики;"(Характеристики товара (Детские товары))Тип товара:Трусики;
(Характеристики товара (Детские товары))Бренд:HELEN HARPER;
(Характеристики товара (Детские товары))Размер:4 (Maxi);
(Характеристики товара (Детские товары))Страна происхождения:РОССИЯ;
(Характеристики товара (Детские товары))EAN:5411416043744;
(Характеристики товара (Детские товары))Количество:50 шт;
(Характеристики товара (Детские товары))Код товара:CB-00030814";Детские товары/Подгузники и пеленание/Подгузники и трусики;710523;HELEN HARPER трусики-подгузники Soft&Dry Maxi 4 (8-13кг) 50 шт;1;831;"<p>Helen Harper Трусики-подгузники Soft&Dry  – это хорошее качество по выгодной цене.
Малышу будет cухо и комфортно. Трусики мягкие снаружи и внутри, прекрасно впитывают и защищают от протеканий. Дышащий внешний слой обеспечивает постоянный доступ воздуха, препятствуя возникновению раздражений.</p><br><br>ОСОБЕННОСТИ ПРОДУКТА:<li>Хорошо сидят</li><li>Прекрасно впитывают и защищают от протеканий</li><li>Мягкие, позволяют коже дышать</li>";HELEN HARPER;/storage/photo/original/a/helen-harper-trusiki-podguzniki-softdry-maxi-4-8-13kg-50-sht.jpg;1008
Детские товары/Подгузники и пеленание/Подгузники и трусики;"(Характеристики товара (Детские товары))Тип товара:Трусики;
(Характеристики товара (Детские товары))Бренд:HELEN HARPER;
(Характеристики товара (Детские товары))Размер:5 (Junior);
(Характеристики товара (Детские товары))Страна происхождения:РОССИЯ;
(Характеристики товара (Детские товары))EAN:5411416043782;
(Характеристики товара (Детские товары))Количество:46 шт;
(Характеристики товара (Детские товары))Код товара:CB-00031285";Детские товары/Подгузники и пеленание/Подгузники и трусики;710524;HELEN HARPER трусики-подгузники Soft&Dry Junior 5 (12-18кг) 46 шт;1;831;"<p>Helen Harper Трусики-подгузники Soft&Dry  – это хорошее качество по выгодной цене.
Малышу будет cухо и комфортно. Трусики мягкие снаружи и внутри, прекрасно впитывают и защищают от протеканий. Дышащий внешний слой обеспечивает постоянный доступ воздуха, препятствуя возникновению раздражений.</p><br><br>ОСОБЕННОСТИ ПРОДУКТА:<li>Хорошо сидят</li><li>Прекрасно впитывают и защищают от протеканий</li><li>Мягкие, позволяют коже дышать</li>";HELEN HARPER;/storage/photo/original/a/helen-harper-trusiki-podguzniki-softdry-junior-5-12-18kg-46-sht.jpg;1008
Детские товары/Подгузники и пеленание/Подгузники и трусики;"(Характеристики товара (Детские товары))Тип товара:Подгузники;
(Характеристики товара (Детские товары))Бренд:HELEN HARPER;
(Характеристики товара (Детские товары))Серия:Soft & Dry;
(Характеристики товара (Детские товары))Размер:5 (Junior);
(Характеристики товара (Детские товары))Страна происхождения:РОССИЯ;
(Характеристики товара (Детские товары))Упаковка:До 40 шт;
(Характеристики товара (Детские товары))Вес ребенка:11 кг, 12 кг, 13 кг, 14 кг, 15 кг и более ;
(Характеристики товара (Детские товары))EAN:5411416022510;
(Характеристики товара (Детские товары))Количество:10 шт;
(Характеристики товара (Детские товары))Код товара:CB-00000986";Детские товары/Подгузники и пеленание/Подгузники и трусики;710525;HELEN HARPER подгузники Soft & Dry 5 (11 - 25 кг) 10 шт;1;157;"<p>Детские подгузники Helen Harper Soft & Dry, удобной формы с прочными тянущимися застежками-липучками на боковинках, резиночки на ногах предотвращают протекания. Тонкий, сделан из дышащего материала, не мешает ребенку. Абсорбент надежно запирает влагу внутри подгузника в виде геля. Без отдушек и не вызывает аллергию.</p>
ОСОБЕННОСТИ ПРОДУКТА:
<li>Хорошая защита от протекания
<li>Удобная анатомическая форма
<li>Мягкий дышащий материал
<li>Абсорбент превращается в гель
<li>Прочные тянущиеся застежки-липучки на боковинках, мягкие резиночки на ногах
<li>Гипоаллергенные, не ароматизированные";HELEN HARPER;/storage/photo/original/a/helen-harper-podguzniki-soft-dry-5-11-25-kg-10-sht.jpg;196
Детские товары/Подгузники и пеленание/Подгузники и трусики;"(Характеристики товара (Детские товары))Тип товара:Подгузники;
(Характеристики товара (Детские товары))Бренд:HELEN HARPER;
(Характеристики товара (Детские товары))Серия:Soft & Dry;
(Характеристики товара (Детские товары))Размер:5 (Junior);
(Характеристики товара (Детские товары))Страна происхождения:РОССИЯ;
(Характеристики товара (Детские товары))Упаковка:41 - 80 шт;
(Характеристики товара (Детские товары))Вес ребенка:15 кг и более ;
(Характеристики товара (Детские товары))EAN:5411416022541;
(Характеристики товара (Детские товары))Количество:44 шт;
(Характеристики товара (Детские товары))Код товара:CB-00000990";Детские товары/Подгузники и пеленание/Подгузники и трусики;710526;HELEN HARPER подгузники Soft & Dry 5 (15 - 25 кг) 44 шт;1;628;"<p>Детские подгузники Helen Harper Soft & Dry, удобной формы с прочными тянущимися застежками-липучками на боковинках, резиночки на ногах предотвращают протекания. Тонкий, сделан из дышащего материала, не мешает ребенку. Абсорбент надежно запирает влагу внутри подгузника в виде геля. Без отдушек и не вызывает аллергию.</p>
ОСОБЕННОСТИ ПРОДУКТА:
<li>Хорошая защита от протекания
<li>Удобная анатомическая форма
<li>Мягкий дышащий материал
<li>Абсорбент превращается в гель
<li>Прочные тянущиеся застежки-липучки на боковинках, мягкие резиночки на ногах
<li>Гипоаллергенные, не ароматизированные";HELEN HARPER;/storage/photo/original/a/helen-harper-podguzniki-soft-dry-5-15-25-kg-44-sht.jpg;761
Детские товары/Подгузники и пеленание/Подгузники и трусики;"(Характеристики товара (Детские товары))Тип товара:Подгузники;
(Характеристики товара (Детские товары))Бренд:HELEN HARPER;
(Характеристики товара (Детские товары))Серия:Soft & Dry;
(Характеристики товара (Детские товары))Размер:4 (Maxi);
(Характеристики товара (Детские товары))Страна происхождения:РОССИЯ;
(Характеристики товара (Детские товары))Упаковка:До 40 шт;
(Характеристики товара (Детские товары))Вес ребенка:9 кг, 10 кг, 11 кг, 12 кг, 13 кг, 14 кг, 15 кг и более ;
(Характеристики товара (Детские товары))EAN:5411416022503;
(Характеристики товара (Детские товары))Количество:12 шт;
(Характеристики товара (Детские товары))Код товара:CB-00000985";Детские товары/Подгузники и пеленание/Подгузники и трусики;710527;HELEN HARPER подгузники Soft & Dry 4 (9 - 18 кг) 12 шт;1;157;"<p>Детские подгузники Helen Harper Soft & Dry, удобной формы с прочными тянущимися застежками-липучками на боковинках, резиночки на ногах предотвращают протекания. Тонкий, сделан из дышащего материала, не мешает ребенку. Абсорбент надежно запирает влагу внутри подгузника в виде геля. Без отдушек и не вызывает аллергию.</p>
ОСОБЕННОСТИ ПРОДУКТА:
<li>Хорошая защита от протекания
<li>Удобная анатомическая форма
<li>Мягкий дышащий материал
<li>Абсорбент превращается в гель
<li>Прочные тянущиеся застежки-липучки на боковинках, мягкие резиночки на ногах
<li>Гипоаллергенные, не ароматизированные";HELEN HARPER;/storage/photo/original/a/helen-harper-podguzniki-soft-dry-4-9-18-kg-12-sht.jpg;196
Детские товары/Подгузники и пеленание/Подгузники и трусики;"(Характеристики товара (Детские товары))Тип товара:Подгузники;
(Характеристики товара (Детские товары))Бренд:HELEN HARPER;
(Характеристики товара (Детские товары))Серия:Soft & Dry;
(Характеристики товара (Детские товары))Размер:4 (Maxi);
(Характеристики товара (Детские товары))Страна происхождения:РОССИЯ;
(Характеристики товара (Детские товары))Упаковка:41 - 80 шт;
(Характеристики товара (Детские товары))Вес ребенка:7 кг, 8 кг, 9 кг, 10 кг, 11 кг, 12 кг, 13 кг, 14 кг, 15 кг и более ;
(Характеристики товара (Детские товары))EAN:5411416031789;
(Характеристики товара (Детские товары))Количество:72 шт;
(Характеристики товара (Детские товары))Код товара:CB-00012361";Детские товары/Подгузники и пеленание/Подгузники и трусики;710528;HELEN HARPER подгузники Soft & Dry 4 (7 - 18 кг) 72 шт;1;853;"<p>Детские подгузники Helen Harper Soft & Dry, удобной формы с прочными тянущимися застежками-липучками на боковинках, резиночки на ногах предотвращают протекания. Тонкий, сделан из дышащего материала, не мешает ребенку. Абсорбент надежно запирает влагу внутри подгузника в виде геля. Без отдушек и не вызывает аллергию.</p>
ОСОБЕННОСТИ ПРОДУКТА:
<li>Хорошая защита от протекания
<li>Удобная анатомическая форма
<li>Мягкий дышащий материал
<li>Абсорбент превращается в гель
<li>Прочные тянущиеся застежки-липучки на боковинках, мягкие резиночки на ногах
<li>Гипоаллергенные, не ароматизированные";HELEN HARPER;/storage/photo/original/a/helen-harper-podguzniki-soft-dry-4-7-18-kg-72-sht.jpg;1034
Детские товары/Подгузники и пеленание/Подгузники и трусики;"(Характеристики товара (Детские товары))Тип товара:Трусики;
(Характеристики товара (Детские товары))Бренд:HELEN HARPER;
(Характеристики товара (Детские товары))Серия:Soft & Dry;
(Характеристики товара (Детские товары))Размер:4 (Maxi);
(Характеристики товара (Детские товары))Страна происхождения:ГЕРМАНИЯ;
(Характеристики товара (Детские товары))Упаковка:До 40 шт;
(Характеристики товара (Детские товары))Вес ребенка:8 кг, 9 кг, 10 кг, 11 кг, 12 кг, 13 кг;
(Характеристики товара (Детские товары))EAN:5411416043720;
(Характеристики товара (Детские товары))Количество:18 шт;
(Характеристики товара (Детские товары))Код товара:CB-00017133";Детские товары/Подгузники и пеленание/Подгузники и трусики;710529;HELEN HARPER подгузники-трусики Soft & Dry 4 (8 - 13 кг) 18 шт;1;309;"<p>Детские подгузники-трусики Helen Harper Soft & Dry, удобной формы с тянущимися резиночки на пояске и ногах предотвращают протекания. Тонкие, сделаны из дышащего материала, не мешают ребенку двигаться. Абсорбент надежно запирает влагу внутри подгузника в виде геля. Без отдушек и не вызывают аллергию.</p>
ОСОБЕННОСТИ ПРОДУКТА:
<li>Хорошая защита от протекания
<li>Удобная анатомическая форма
<li>Мягкий дышащий материал
<li>Абсорбент превращается в гель
<li>Гипоаллергенные, не ароматизированные";HELEN HARPER;/storage/photo/original/a/helen-harper-podguzniki-trusiki-soft-dry-4-8-13-kg-18-sht.jpg;386
Детские товары/Подгузники и пеленание/Подгузники и трусики;"(Характеристики товара (Детские товары))Тип товара:Подгузники;
(Характеристики товара (Детские товары))Бренд:HELEN HARPER;
(Характеристики товара (Детские товары))Серия:Soft & Dry;
(Характеристики товара (Детские товары))Размер:3 (Midi);
(Характеристики товара (Детские товары))Страна происхождения:Чехия;
(Характеристики товара (Детские товары))Упаковка:До 40 шт;
(Характеристики товара (Детские товары))Вес ребенка:4 кг, 5 кг, 6 кг, 7 кг, 8 кг, 9 кг;
(Характеристики товара (Детские товары))EAN:5411416022497;
(Характеристики товара (Детские товары))Количество:14 шт;
(Характеристики товара (Детские товары))Код товара:CB-00000980";Детские товары/Подгузники и пеленание/Подгузники и трусики;710530;HELEN HARPER подгузники Soft & Dry 3 (4 - 9 кг) 14 шт;1;157;"<p>Детские подгузники Helen Harper Soft & Dry, удобной формы с прочными тянущимися застежками-липучками на боковинках, резиночки на ногах предотвращают протекания. Тонкий, сделан из дышащего материала, не мешает ребенку. Абсорбент надежно запирает влагу внутри подгузника в виде геля. Без отдушек и не вызывает аллергию.</p>
ОСОБЕННОСТИ ПРОДУКТА:
<li>Хорошая защита от протекания
<li>Удобная анатомическая форма
<li>Мягкий дышащий материал
<li>Абсорбент превращается в гель
<li>Прочные тянущиеся застежки-липучки на боковинках, мягкие резиночки на ногах
<li>Гипоаллергенные, не ароматизированные";HELEN HARPER;/storage/photo/original/a/helen-harper-podguzniki-soft-dry-3-4-9-kg-14-sht.jpg;196
Детские товары/Подгузники и пеленание/Подгузники и трусики;"(Характеристики товара (Детские товары))Тип товара:Подгузники;
(Характеристики товара (Детские товары))Бренд:HELEN HARPER;
(Характеристики товара (Детские товары))Серия:Soft & Dry;
(Характеристики товара (Детские товары))Размер:5 (Junior);
(Характеристики товара (Детские товары))Страна происхождения:РОССИЯ;
(Характеристики товара (Детские товары))Упаковка:Более 80 шт;
(Характеристики товара (Детские товары))Вес ребенка:11 кг, 12 кг, 13 кг, 14 кг, 15 кг и более ;
(Характеристики товара (Детские товары))EAN:5411416043157;
(Характеристики товара (Детские товары))Количество:86 шт;
(Характеристики товара (Детские товары))Код товара:CB-00018522";Детские товары/Подгузники и пеленание/Подгузники и трусики;710531;HELEN HARPER подгузники Soft & Dry 5 (11 - 25 кг) 86 шт;1;1085;"<p>Детские подгузники Helen Harper Soft & Dry, удобной формы с прочными тянущимися застежками-липучками на боковинках, резиночки на ногах предотвращают протекания. Тонкий, сделан из дышащего материала, не мешает ребенку. Абсорбент надежно запирает влагу внутри подгузника в виде геля. Без отдушек и не вызывает аллергию.</p>
ОСОБЕННОСТИ ПРОДУКТА:
<li>Хорошая защита от протекания
<li>Удобная анатомическая форма
<li>Мягкий дышащий материал
<li>Абсорбент превращается в гель
<li>Прочные тянущиеся застежки-липучки на боковинках, мягкие резиночки на ногах
<li>Гипоаллергенные, не ароматизированные";HELEN HARPER;/storage/photo/original/a/helen-harper-podguzniki-soft-dry-5-11-25-kg-86-sht.jpg;1315
Детские товары/Подгузники и пеленание/Подгузники и трусики;"(Характеристики товара (Детские товары))Тип товара:Подгузники;
(Характеристики товара (Детские товары))Бренд:HELEN HARPER;
(Характеристики товара (Детские товары))Серия:Soft & Dry;
(Характеристики товара (Детские товары))Размер:4 (Maxi);
(Характеристики товара (Детские товары))Страна происхождения:РОССИЯ;
(Характеристики товара (Детские товары))Упаковка:Более 80 шт;
(Характеристики товара (Детские товары))Вес ребенка:7 кг, 8 кг, 9 кг, 10 кг, 11 кг, 12 кг, 13 кг, 14 кг, 15 кг и более ;
(Характеристики товара (Детские товары))EAN:5411416043133;
(Характеристики товара (Детские товары))Количество:96 шт;
(Характеристики товара (Детские товары))Код товара:CB-00018521";Детские товары/Подгузники и пеленание/Подгузники и трусики;710532;HELEN HARPER подгузники Soft & Dry 4 (7 - 18 кг) 96 шт;1;1085;"<p>Детские подгузники Helen Harper Soft & Dry, удобной формы с прочными тянущимися застежками-липучками на боковинках, резиночки на ногах предотвращают протекания. Тонкий, сделан из дышащего материала, не мешает ребенку. Абсорбент надежно запирает влагу внутри подгузника в виде геля. Без отдушек и не вызывает аллергию.</p>
ОСОБЕННОСТИ ПРОДУКТА:
<li>Хорошая защита от протекания
<li>Удобная анатомическая форма
<li>Мягкий дышащий материал
<li>Абсорбент превращается в гель
<li>Прочные тянущиеся застежки-липучки на боковинках, мягкие резиночки на ногах
<li>Гипоаллергенные, не ароматизированные";HELEN HARPER;/storage/photo/original/a/helen-harper-podguzniki-soft-dry-4-7-18-kg-96-sht.jpg;1315
Детские товары/Подгузники и пеленание/Подгузники и трусики;"(Характеристики товара (Детские товары))Тип товара:Трусики;
(Характеристики товара (Детские товары))Бренд:HELEN HARPER;
(Характеристики товара (Детские товары))Серия:Soft & Dry;
(Характеристики товара (Детские товары))Размер:5 (Junior);
(Характеристики товара (Детские товары))Страна происхождения:РОССИЯ;
(Характеристики товара (Детские товары))Упаковка:До 40 шт;
(Характеристики товара (Детские товары))Вес ребенка:12 кг, 13 кг, 14 кг, 15 кг и более ;
(Характеристики товара (Детские товары))EAN:5411416043768;
(Характеристики товара (Детские товары))Количество:17 шт;
(Характеристики товара (Детские товары))Код товара:CB-00017134";Детские товары/Подгузники и пеленание/Подгузники и трусики;710533;HELEN HARPER подгузники-трусики Soft & Dry 5 (12 - 18 кг) 17 шт;1;309;"<p>Детские подгузники-трусики Helen Harper Soft & Dry, удобной формы с тянущимися резиночки на пояске и ногах предотвращают протекания. Тонкие, сделаны из дышащего материала, не мешают ребенку двигаться. Абсорбент надежно запирает влагу внутри подгузника в виде геля. Без отдушек и не вызывают аллергию.</p>
ОСОБЕННОСТИ ПРОДУКТА:
<li>Хорошая защита от протекания
<li>Удобная анатомическая форма
<li>Мягкий дышащий материал
<li>Абсорбент превращается в гель
<li>Гипоаллергенные, не ароматизированные";HELEN HARPER;/storage/photo/original/a/helen-harper-podguzniki-trusiki-soft-dry-5-12-18-kg-17-sht.jpg;386
Зоотовары/Товары для кошек/Корма для кошек;"(Характеристики товара (Зоотовары))Тип товара:Сухой корм для кошек;
(Характеристики товара (Зоотовары))Бренд:ROYAL CANIN;
(Характеристики товара (Зоотовары))Серия:Hair & Skin Care;
(Характеристики товара (Зоотовары))Для кого:Для кошек;
(Характеристики товара (Зоотовары))Ветеринарные показания и специальные потребности:Забота о коже и шерсти;
(Характеристики товара (Зоотовары))Возраст питомца:Взрослые;
(Характеристики товара (Зоотовары))Форма упаковки:Пакет;
(Характеристики товара (Зоотовары))Вес упаковки:10 кг;
(Характеристики товара (Зоотовары))Страна происхождения:РОССИЯ;
(Характеристики товара (Зоотовары))EAN:4690553016618;
(Характеристики товара (Зоотовары))Вес:10 кг;
(Характеристики товара (Зоотовары))Код товара:CB-00022365";Зоотовары/Товары для кошек/Корма для кошек;610537;ROYAL CANIN сухой корм для кошек Hair & Skin Care 10 кг;1;6062;"<br> Клетки кожи постоянно обновляются и нуждаются в питательных веществах. Повышенная чувствительность кожи часто приводит к ухудшению качества шерсти. Правильно подобранное питание поможет решить эту проблему. Тщательно сбалансированная формула, помогающая поддерживать здоровье кожи и шерсти. Продукт содержит уникальную комбинацию питательных веществ, в том числе эксклюзивный комплекс аминокислот и витаминов B, для поддержания барьерной функции кожи, жирные кислоты Омега 3 и 6, известные своим благоприятным воздействием на состояние шерсти и кожи. </p>
<br>
<br>
Ингредиенты: <br> Дегидратированный белок мяса птицы, животные жиры, изолят растительных белков*, рис, растительная клетчатка, кукуруза, гидролизат белков животного происхождения, пшеница, дрожжи, кукурузная мука, кукурузный глютен, свекольный жом, соевое масло, рыбий жир, минеральные вещества, масло огуречника аптечного, экстракт бархатцев прямостоячих (источник лютеина). <br>
<br>
Добавки в 1 кг: <br> витамин A: 25200 МЕ, витамин D3: 700 МЕ, E1 (железо): 48 мг, E2 (йод): 4,8 мг, E4 (медь): 15 мг, E5 (марганец): 62 мг, E6 (цинк): 187 мг, E8 (селен): 0,08 мг, консерванты, антиоксиданты.<br>
<br>";ROYAL CANIN;/storage/photo/original/a/royal-canin-suhoj-korm-dlya-koshek-hair-skin-care-10-kg.jpg;6906
Зоотовары/Товары для собак/Корма для собак;"(Характеристики товара (Зоотовары))Тип товара:Сухой корм для собак;
(Характеристики товара (Зоотовары))Бренд:ROYAL CANIN;
(Характеристики товара (Зоотовары))Серия:Light Weight Care;
(Характеристики товара (Зоотовары))Ветеринарные показания и специальные потребности:Контроль веса;
(Характеристики товара (Зоотовары))Возраст питомца:Взрослые;
(Характеристики товара (Зоотовары))Размер породы:Крупные породы (26-44 кг);
(Характеристики товара (Зоотовары))Форма упаковки:Пакет;
(Характеристики товара (Зоотовары))Вес упаковки:15 кг;
(Характеристики товара (Зоотовары))Страна происхождения:ПОЛЬША;
(Характеристики товара (Зоотовары))EAN:3182550704670;
(Характеристики товара (Зоотовары))Вес:15 кг;
(Характеристики товара (Зоотовары))Код товара:CB-00023606";Зоотовары/Товары для собак/Корма для собак;620381;ROYAL CANIN сухой корм Maxi Light Weight Care для собак крупных пород профилактика избыточного веса 15 кг;1;5670;"<br> Полнорационный сухой корм для взрослых собак крупных размеров (вес собаки от 26 до 44 кг, возраст старше 15 месяцев), предрасположенных к полноте. Позволяет уменьшить потребление энергии на 30%, не уменьшая объем порции. Повышенное содержание белка (27%) с низким содержанием жиров (11%) препятствуют потере мышечной массы, а L-карнитин стимулирует метаболизм жиров, при этом поддерживая мышечную массу. Обогащенная клетчаткой формула способствует снижению чувства голода между приемами пищи и способствует более быстрому насыщению. Формула способствует поддержанию здоровья костей и суставов взрослых собак крупных размеров при потере веса. </p>
<br>
<br>
Ингредиенты: <br> Кукуруза, дегидратированное мясо птицы, ячмень, растительная клетчатка, кукурузная клейковина, изолят растительных белков*, животные жиры, гидролизат белков животного происхождения, свекольный жом, минеральные вещества, рыбий жир, дрожжи, фруктоолигосахариды, соевое масло, гидролизат из панциря ракообразных (источник глюкозамина), гидролизат из хряща (источник хондроитина). <br>
<br>
Добавки в 1 кг: <br> Витамин A: 16900 ME, Витамин D3: 900 ME, Железо: 40 мг, Йод: 3,1 мг, Марганец: 53 мг, Цинк: 173 мг, Ceлeн: 0,06 мг, L-карнитин: 200 мг. <br>
<br>";ROYAL CANIN;/storage/photo/original/a/royal-canin-suhoj-korm-maxi-light-weight-care-dlya-sobak-krupnih-porod-profilaktika-izbitochnogo-vesa-15-kg.jpg;6875
Косметика и Уход/Уход за волосами/Средства для укладки и моделирования;"(Характеристики товара (Косметика и уход))Тип товара:Лаки для укладки;
(Характеристики товара (Косметика и уход))Бренд:WELLAFLEX;
(Характеристики товара (Косметика и уход))Страна происхождения:ГЕРМАНИЯ;
(Характеристики товара (Косметика и уход))EAN:8001090264619;
(Характеристики товара (Косметика и уход))Объем:400 мл;
(Характеристики товара (Косметика и уход))Код товара:CB-00020052";Косметика и Уход/Уход за волосами/Средства для укладки и моделирования;520901;WELLAFLEX лак для волос Объем и Восстановление суперсильной фиксации 400 мл;1;295;"Продукт придает вашей прическе объем от корней до кончиков и ощущение гладкости, которое останется с вами на весь день, помогая восстановить первозданный вид даже поврежденным волосам. Cохраняет яркость цвета окрашенных волос. Лак для волос с технологией FlexActive TM Суперсильной фиксации придает вашим волосам 3 признака естественной и упругой укладки:• Сохраняет естественный вид
• Сохраняет подвижность волос без склеивания<br>
• Обеспечивает экстрасильную фиксацию на срок до 24 часов <br>";WELLAFLEX;/storage/photo/original/a/wellaflex-lak-dlya-volos-obem-i-vosstanovlenie-supersilnoj-fiksacii-400-ml.jpg;369
Косметика и Уход/Уход за лицом/Средства для губ;"(Характеристики товара (Косметика и уход))Тип товара:Бальзам для губ;
(Характеристики товара (Косметика и уход))Бренд:ЧИСТАЯ ЛИНИЯ ;
(Характеристики товара (Косметика и уход))Страна происхождения:РОССИЯ;
(Характеристики товара (Косметика и уход))EAN:4600702083651;
(Характеристики товара (Косметика и уход))Вес:4 г;
(Характеристики товара (Косметика и уход))Код товара:CB-00040940";Косметика и Уход/Уход за лицом/Средства для губ;520902;ЧИСТАЯ ЛИНИЯ Бальзам для губ проотив Против обветривания Брусника 4 гр;1;92;<p>Бальзам для губ против обветривания эффективно защищает губы от негативного воздействия внешней среды. Бальзам ложится невидимой вуалью, которая препятствует потере влаги и обветриванию кожи губ. Активные натуральные компоненты способствуют заживлению мелких трещинок, смягчают и успокаивают нежную кожу губ.</p><br><br>ОСОБЕННОСТИ ПРОДУКТА:<li>Кожа губ защищена от обветривания</li><li>Губы выглядят ухоженными и привлекательными</li>;ЧИСТАЯ ЛИНИЯ;/storage/photo/original/a/chistaya-liniya-balzam-dlya-gub-prootiv-protiv-obvetrivaniya-brusnika-4-gr.jpg;115
Продукты/Кондитерские изделия/Конфеты, восточные сладости;"(Характеристики товара (Продукты))Тип товара:Вафли;
(Характеристики товара (Продукты))Бренд:WAFF;
(Характеристики товара (Продукты))Страна происхождения:РОССИЯ;
(Характеристики товара (Продукты))EAN:4651112440565;
(Характеристики товара (Продукты))Вес:35 г;
(Характеристики товара (Продукты))Код товара:CB-00046331";Продукты/Кондитерские изделия/Конфеты, восточные сладости;140299;WAFF конфета ваффельная в шоколаде 35 г;1;19;"Пять хрустящих вафельных листов и нежная тающая начинка с натуральной ореховой пастой — все это покрыто вкуснейшим, молочным шоколадом, который не оставит никого равнодушным!
<br>
В одной коробке девять конфет, цена указана за одну конфету.
<br>
<br>
Пищевая Ценность на 100 г<br>
Калории 550 ккал<br>
Белки 8 г<br>
Углеводы 53 г<br>
Жиры 34 г<br>
<br><br>";WAFF;;20
Продукты/Кофе, чай, какао, цикорий/Кофе;"(Характеристики товара (Продукты))Тип товара:Кофе растворимый;
(Характеристики товара (Продукты))Бренд:NESKAFE;
(Характеристики товара (Продукты))Страна происхождения:РОССИЯ;
(Характеристики товара (Продукты))EAN:4600680000213;
(Характеристики товара (Продукты))Вес:150 г;
(Характеристики товара (Продукты))Код товара:CB-00039876";Продукты/Кофе, чай, какао, цикорий/Кофе;130038;NESKAFE кофе Gold c добавлением молотого мягкая упаковка 150 г;1;198;<p>Создайте неповторимую атмосферы кофейни у себя дома вместе с Nescafe Gold Barista. Благодаря сбалансированной смеси растворимого и молотого кофе особого ультратонкого помола. Кофе Nescafe Gold Barista  обладает богатым ароматом и насыщенным вкусом. Застежка молния сохраняет свежесть аромата кофе до последней чашки.</p><br><br>ОСОБЕННОСТИ ПРОДУКТА:<li>Пакет с застёжкой ZIP</li>;NESKAFE;/storage/photo/original/a/neskafe-kofe-gold-c-dobavleniem-molotogo-myagkaya-upakovka-150-g.jpg;248
Средства гигиены/Душ и ванная/Бальзамы-ополаскиватели;"(Характеристики товара (Средства гигиены))Тип товара:Бальзамы;
(Характеристики товара (Средства гигиены))Бренд:SYOSS;
(Характеристики товара (Средства гигиены))Страна происхождения:РОССИЯ;
(Характеристики товара (Средства гигиены))EAN:4015001009309;
(Характеристики товара (Средства гигиены))Объем:300 мл;
(Характеристики товара (Средства гигиены))Код товара:CB-00041243";Средства гигиены/Душ и ванная/Бальзамы-ополаскиватели;330936;SYOSS бальзам-ополаскиватель Color Luminance&Protect для окрашенных волос 300 мл;1;135;"<p>
Бальзам-ополаскиватель для волос SYOSS Color Luminance&Protect относится к линейке средств созданной для ухода за волосами, разработана специально для защиты цвета окрашенных волос. Благодаря специальной формуле средства этой серии еще эффективнее защищают окрашенные волосы от потери цветового пигмента, поддерживают яркость и «сочность» выбранного оттенка и дарят волосам ослепительный блеск.
</p>

Особенности продукта:
<br>
<li>
Для окрашенных волос
<li>
Легкое расчесывание
<li>
Защита для стойкого и насыщенного цвета волос
<li>
Облегчает расчесывание, разглаживая поверхность волос
<li>
Помогает защитить волосы от потери цветового пигмента
<li>
Яркий цвет и интенсивный блеск
<br>
Состав:
Аqua, cetearyl alcohol, behentrimonium chloride, amodimethicone/morpholinomethyl silsesquioxane copolymer, prunus armeniaca kernel oil, panthenol, hydrolyzed, keratin, glycerin, isopropyl myristate, lactic acid, phenoxyethanol, stearamidopropyl dimethylamine, isopropyl alcohol, glyceryl stearate, sodium methylparaben, polyquaternium-37, parfum, dicaprylyl carbonate, hexyl cinnamal, butylphenyl methylpropional, benzyl salicylate, linalool, benzyl alcohol, limonene, trideceth-5, lauryl glucoside.
<br>";SYOSS;/storage/photo/original/a/syoss-balzam-opolaskivatel-color-luminanceprotect-dlya-okrashennih-volos-300-ml.jpg;169
Средства гигиены/Душ и ванная/Бальзамы-ополаскиватели;"(Характеристики товара (Средства гигиены))Тип товара:Бальзамы;
(Характеристики товара (Средства гигиены))Бренд:HEAD & SHOULDERS;
(Характеристики товара (Средства гигиены))Серия:Supreme;
(Характеристики товара (Средства гигиены))Страна происхождения:Румыния;
(Характеристики товара (Средства гигиены))EAN:8001090678164;
(Характеристики товара (Средства гигиены))Объем:275 мл;
(Характеристики товара (Средства гигиены))Код товара:CB-00027272";Средства гигиены/Душ и ванная/Бальзамы-ополаскиватели;330937;HEAD & SHOULDERS бальзам-ополаскиватель Supreme Укрепление 275 мл;1;242;"Линия Head & Shoulders Supreme была создана с учетом особенностей женских волос. Эта потрясающая линия шампуней и бальзамов-ополаскивателей против перхоти обеспечивает интенсивное увлажнение и долгосрочную защиту от перхоти.
<br>
<br>
Aqua, Stearyl Alcohol, Behentrimonium Chloride, Cetyl Alcohol, Dimethicone, Isopropyl Alcohol, Zinc Pyrithione, Parfum, Phenoxyethanol, Benzyl Alcohol, Hexyl Cinnamal, Linalool, Hydroxycitronellal, Sodium Chloride, Magnesium Nitrate, Argania Spinosa Kernel Oil, Mel, Sodium Polynaphthalenesulfonate, Methylchloroisothiazolinone, Magnesium Chloride, Methylisothiazolinone";HEAD & SHOULDERS;/storage/photo/original/a/head-shoulders-balzam-opolaskivatel-supreme-ukreplenie-275-ml.jpg;279
Средства гигиены/Душ и ванная/Бальзамы-ополаскиватели;"(Характеристики товара (Средства гигиены))Тип товара:Бальзамы;
(Характеристики товара (Средства гигиены))Бренд:HEAD & SHOULDERS;
(Характеристики товара (Средства гигиены))Серия:Supreme;
(Характеристики товара (Средства гигиены))Страна происхождения:Румыния;
(Характеристики товара (Средства гигиены))EAN:8001090678133;
(Характеристики товара (Средства гигиены))Объем:275 мл;
(Характеристики товара (Средства гигиены))Код товара:CB-00027268";Средства гигиены/Душ и ванная/Бальзамы-ополаскиватели;330938;HEAD & SHOULDERS бальзам-ополаскиватель Supreme Увлажнение 275 мл;1;242;"Линия Head & Shoulders Supreme была создана с учетом особенностей женских волос. Эта потрясающая линия шампуней и бальзамов-ополаскивателей против перхоти обеспечивает интенсивное увлажнение и долгосрочную защиту от перхоти.
<br>
Aqua, Sodium Laureth Sulfate, Sodium Lauryl Sulfate, Sodium Chloride, Sodium Xylenesulfonate, Cocamidopropyl Betaine, Glycol Distearate, Piroctone Olamine, Dimethiconol, Sodium Citrate, Parfum, Dimethicone, Citric Acid, TEA-Dodecylbenzenesulfonate, Sodium Benzoate, Guar Hydroxypropyltrimonium Chloride, Trideceth-10, Hexyl Cinnamal, Tetrasodium EDTA, Sodium Hydroxide, Linalool, Hydroxycitronellal, Magnesium Nitrate, Argania Spinosa Kernel Oil, Persea Gratissima Oil, Triethylene Glycol, Propylene Glycol, Methylchloroisothiazolinone, Magnesium Chloride, Methylisothiazolinone";HEAD & SHOULDERS;/storage/photo/original/a/head-shoulders-balzam-opolaskivatel-supreme-uvlazhnenie-275-ml.jpg;279
Средства гигиены/Душ и ванная/Бальзамы-ополаскиватели;"(Характеристики товара (Средства гигиены))Тип товара:Бальзамы;
(Характеристики товара (Средства гигиены))Бренд:HEAD & SHOULDERS;
(Характеристики товара (Средства гигиены))Серия:Supreme;
(Характеристики товара (Средства гигиены))Страна происхождения:Румыния;
(Характеристики товара (Средства гигиены))EAN:8001090570031;
(Характеристики товара (Средства гигиены))Объем:275 мл;
(Характеристики товара (Средства гигиены))Код товара:CB-00027267";Средства гигиены/Душ и ванная/Бальзамы-ополаскиватели;330939;HEAD & SHOULDERS бальзам-ополаскиватель Supreme Восстановление 275 мл;1;242;"Линия Head & Shoulders Supreme была создана с учетом особенностей женских волос. Эта потрясающая линия шампуней и бальзамов-ополаскивателей против перхоти обеспечивает интенсивное увлажнение и долгосрочную защиту от перхоти.
<br>
Состав<br>
Aqua, Stearyl Alcohol, Behentrimonium Chloride, Cetyl Alcohol, Dimethicone, Isopropyl Alcohol, Zinc Pyrithione, Parfum, Phenoxyethanol, Benzyl Alcohol, Hexyl Cinnamal, Linalool, Hydroxycitronellal, Sodium Chloride, Magnesium Nitrate, Argania Spinosa Kernel Oil, Persea Gratissima Oil, Sodium Polynaphthalenesulfonate, Methylchloroisothiazolinone, Magnesium Chloride, Methylisothiazolinone";HEAD & SHOULDERS;/storage/photo/original/a/head-shoulders-balzam-opolaskivatel-supreme-vosstanovlenie-275-ml.jpg;279
Средства гигиены/Душ и ванная/Шампуни;"(Характеристики товара (Средства гигиены))Тип товара:Шампунь;
(Характеристики товара (Средства гигиены))Бренд:HEAD & SHOULDERS;
(Характеристики товара (Средства гигиены))Для кого:Для взрослых;
(Характеристики товара (Средства гигиены))Страна происхождения:Румыния;
(Характеристики товара (Средства гигиены))EAN:5011321656772;
(Характеристики товара (Средства гигиены))Объем:200 мл;
(Характеристики товара (Средства гигиены))Код товара:00000036529";Средства гигиены/Душ и ванная/Шампуни;330940;HEAD & SHOULDERS шампунь Против выпадения волос для мужчин 200 мл;1;146;"<p>Шампунь против перхоти борется с ломкостью волос и предотвращает их выпадение. Очищает волосы и восстанавливает, оздоравливает кожу головы. Подходит для ежедневного использования. С ""мужским"" ароматом.</p>
ОСОБЕННОСТИ ПРОДУКТА:
<li>Для регулярного ухода
<li>От перхоти
<li>Предотвращает выпадение волос";HEAD & SHOULDERS;/storage/photo/original/a/head-shoulders-shampun-protiv-vipadeniya-volos-dlya-muzhchin-200-ml.jpg;163
Средства гигиены/Душ и ванная/Шампуни;"(Характеристики товара (Средства гигиены))Тип товара:Шампунь;
(Характеристики товара (Средства гигиены))Бренд:HEAD & SHOULDERS;
(Характеристики товара (Средства гигиены))Серия:Контроль над Жирностью;
(Характеристики товара (Средства гигиены))Для кого:Для взрослых;
(Характеристики товара (Средства гигиены))Страна происхождения:Румыния;
(Характеристики товара (Средства гигиены))EAN:8001090355928;
(Характеристики товара (Средства гигиены))Объем:200 мл;
(Характеристики товара (Средства гигиены))Код товара:CB-00019069";Средства гигиены/Душ и ванная/Шампуни;330941;HEAD & SHOULDERS шампунь Контроль над Жирностью для мужчин 200 мл;1;146;"Шампунь против перхоти для мужчин Head & Shoulders Ultra Максимальный контроль над жирностью волос и кожи головы с активными добавками прекрасно ухаживает за волосами и кожей головы, оправдывая ожидания даже очень требовательных мужчин. Этот шампунь против перхоти с добавлением активных веществ превосходно очищает кожу головы и волосы. Серия шампуней для мужчин Head & Shoulders Ultra обеспечивает 100%-ную защиту от перхоти (видимые чешуйки, при регулярном применении).
Способ применения<br>
Для ежедневного использования. Хорошо встряхните перед использованием. Нанесите на кожу головы и по всей длине волос аккуратными массирующими движениями. Смойте и при желании повторите.<br>
Состав<br>
Aqua, Sodium Laureth Sulfate, Sodium Lauryl Sulfate, Cocamide MEA, Zinc Carbonate, Glycol Distearate, Zinc Pyrithione, Sodium Xylenesulfonate, Dimethicone, Parfum, Cetyl Alcohol, Guar Hydroxypropyltrimonium Chloride, Menthol, Sodium Chloride, Hydrochloric Acid, Glycerin, Magnesium Sulfate, Sodium Benzoate, Sodium Hydroxide, Magnesium Carbonate Hydroxide, Hexyl Cinnamal, Benzyl Alcohol, Limonene, Benzyl Salicylate, Propylene Glycol, Magnesium Nitrate, Citronellol, Paraffinum Liquidum, Citrus Limon Fruit Extract, Sodium Polynaphthalenesulfonate, CI 19140, Methylchloroisothiazolinone, Magnesium Chloride, Methylisothiazolinone, CI 42090";HEAD & SHOULDERS;/storage/photo/original/a/head-shoulders-shampun-kontrol-nad-zhirnostyu-dlya-muzhchin-200-ml.jpg;163
Средства гигиены/Душ и ванная/Шампуни;"(Характеристики товара (Средства гигиены))Тип товара:Шампунь;
(Характеристики товара (Средства гигиены))Бренд:HEAD & SHOULDERS;
(Характеристики товара (Средства гигиены))Для кого:Для взрослых;
(Характеристики товара (Средства гигиены))Страна происхождения:Франция;
(Характеристики товара (Средства гигиены))EAN:8001841012537;
(Характеристики товара (Средства гигиены))Объем:900 мл;
(Характеристики товара (Средства гигиены))Код товара:CB-00038043";Средства гигиены/Душ и ванная/Шампуни;330942;HEAD & SHOULDERS шампунь Ментол 900 мл;1;494;"Избавьтесь от перхоти с помощью шампуня против перхоти с освежающим ментолом. Шампунь Head & Shoulders с формулой тройного действия очищает, защищает и увлажняет (при регулярном использовании) ваши волосы и кожу головы — вы получите до 100% свободы от перхоти, а ваши волосы будут выглядеть здоровыми и красивыми. Свойства шампуня Head & Shoulders отвечают новым высоким стандартам красоты, а в его состав входит опробованный и протестированный активный ингредиент против перхоти, благодаря чему волосы прекрасно выглядят, а перхоть исчезает.
Для нормальных и жирных волос.";HEAD & SHOULDERS;/storage/photo/original/a/head-shoulders-shampun-mentol-900-ml.jpg;556
Средства гигиены/Душ и ванная/Шампуни;"(Характеристики товара (Средства гигиены))Тип товара:Шампунь;
(Характеристики товара (Средства гигиены))Бренд:HEAD & SHOULDERS;
(Характеристики товара (Средства гигиены))Для кого:Для взрослых;
(Характеристики товара (Средства гигиены))Страна происхождения:Франция;
(Характеристики товара (Средства гигиены))EAN:8001841012490;
(Характеристики товара (Средства гигиены))Объем:900 мл;
(Характеристики товара (Средства гигиены))Код товара:CB-00038044";Средства гигиены/Душ и ванная/Шампуни;330943;HEAD & SHOULDERS шампунь 2 в 1 Основной уход 900 мл;1;494;"Избавьтесь от перхоти с помощью шампуня и бальзама-ополаскивателя против перхоти. Head & Shoulders 2-в-1 с формулой тройного действия очищает, защищает и увлажняет (при регулярном использовании) ваши волосы и кожу головы — вы получите до 100%* свободы от перхоти, а ваши волосы будут выглядеть здоровыми и красивыми. Свойства шампуня Head & Shoulders отвечают новым высоким стандартам красоты, а в его состав входит опробованный и протестированный активный ингредиент против перхоти, благодаря чему волосы прекрасно выглядят, а перхоть исчезает.
Для всех типов волос.";HEAD & SHOULDERS;/storage/photo/original/a/head-shoulders-shampun-2-v-1-osnovnoj-uhod-900-ml.jpg;556
Средства гигиены/Душ и ванная/Шампуни;"(Характеристики товара (Средства гигиены))Тип товара:Шампунь;
(Характеристики товара (Средства гигиены))Бренд:HEAD & SHOULDERS;
(Характеристики товара (Средства гигиены))Для кого:Для взрослых;
(Характеристики товара (Средства гигиены))Назначение:От перхоти;
(Характеристики товара (Средства гигиены))Страна происхождения:Румыния;
(Характеристики товара (Средства гигиены))EAN:5601059062534;
(Характеристики товара (Средства гигиены))Объем:200 мл;
(Характеристики товара (Средства гигиены))Код товара:00000039532";Средства гигиены/Душ и ванная/Шампуни;330944;HEAD & SHOULDERS Шампунь 2 в 1 Основной уход 200 мл;1;146;"<p>
Шампунь от перхоти, очищает волосы и ухаживает за кожей головы. Дарит волосам красоту и здоровье. Подходит для ежедневного использования.
</p>
ОСОБЕННОСТИ ПРОДУКТА:
<li>2 в 1 Шампунь и бальзам ополаскиватель
<li>Для регулярного применения
<li>От перхоти
<br>
Состав: Вода, лаурилсульфат натрия, натрия лауретсульфат, дистеарат гликоля, карбонат цинка, хлорид натрия, ксиленсульфонат натрия, кокамидопропилбетаин, диметикон, отдушка, бензоат натрия, хлорид гуаргидроксипропилтримония, гидроксид карбоната магния, метилхлороизотиазолин, метилизотиазолин, синий 1, желтый 5.";HEAD & SHOULDERS;/storage/photo/original/a/head-shoulders-shampun-2-v-1-osnovnoj-uhod-200-ml.jpg;163
Средства гигиены/Душ и ванная/Шампуни;"(Характеристики товара (Средства гигиены))Тип товара:Шампунь;
(Характеристики товара (Средства гигиены))Бренд:HEAD & SHOULDERS;
(Характеристики товара (Средства гигиены))Серия:Sport Fresh;
(Характеристики товара (Средства гигиены))Для кого:Для мужчин;
(Характеристики товара (Средства гигиены))Страна происхождения:Румыния;
(Характеристики товара (Средства гигиены))EAN:8001090811936;
(Характеристики товара (Средства гигиены))Объем:400 мл;
(Характеристики товара (Средства гигиены))Код товара:CB-00029621";Средства гигиены/Душ и ванная/Шампуни;330945;HEAD & SHOULDERS шампунь Sport Fresh против перхоти 400 мл;1;242;Шампунь от перхоти HEAD & SHOULDERS Sport Fresh обеспечит до 100% свободы от перхоти! Освежает волосы и кожу головы. Наша проверенная Actizinc формула не только эффективно борется с причинами возникновения перхоти, но и сохраняет баланс кожи головы и красивые волосы, при регулярном применении. Мягкая, рН-сбалансированная формула подходит для ежедневного использования.<br />;HEAD & SHOULDERS;/storage/photo/original/a/head-shoulders-shampun-sport-fresh-protiv-perhoti-400-ml.jpg;279
Средства гигиены/Душ и ванная/Шампуни;"(Характеристики товара (Средства гигиены))Тип товара:Шампунь;
(Характеристики товара (Средства гигиены))Бренд:HEAD & SHOULDERS;
(Характеристики товара (Средства гигиены))Серия:Контроль над Жирностью;
(Характеристики товара (Средства гигиены))Для кого:Для мужчин;
(Характеристики товара (Средства гигиены))Страна происхождения:Румыния;
(Характеристики товара (Средства гигиены))EAN:8001090138552;
(Характеристики товара (Средства гигиены))Объем:400 мл;
(Характеристики товара (Средства гигиены))Код товара:CB-00018990";Средства гигиены/Душ и ванная/Шампуни;330946;HEAD & SHOULDERS шампунь Контроль над Жирностью для мужчин 400 мл;1;242;"Шампунь против перхоти для мужчин Head & Shoulders Ultra Максимальный контроль над жирностью волос и кожи головы с активными добавками прекрасно ухаживает за волосами и кожей головы, оправдывая ожидания даже очень требовательных мужчин. Этот шампунь против перхоти с добавлением активных веществ превосходно очищает кожу головы и волосы. Серия шампуней для мужчин Head & Shoulders Ultra обеспечивает 100%-ную защиту от перхоти (видимые чешуйки, при регулярном применении).
Способ применения<br>
Для ежедневного использования. Хорошо встряхните перед использованием. Нанесите на кожу головы и по всей длине волос аккуратными массирующими движениями. Смойте и при желании повторите.<br>
Состав<br>
Aqua, Sodium Laureth Sulfate, Sodium Lauryl Sulfate, Cocamide MEA, Zinc Carbonate, Glycol Distearate, Zinc Pyrithione, Sodium Xylenesulfonate, Dimethicone, Parfum, Cetyl Alcohol, Guar Hydroxypropyltrimonium Chloride, Menthol, Sodium Chloride, Hydrochloric Acid, Glycerin, Magnesium Sulfate, Sodium Benzoate, Sodium Hydroxide, Magnesium Carbonate Hydroxide, Hexyl Cinnamal, Benzyl Alcohol, Limonene, Benzyl Salicylate, Propylene Glycol, Magnesium Nitrate, Citronellol, Paraffinum Liquidum, Citrus Limon Fruit Extract, Sodium Polynaphthalenesulfonate, CI 19140, Methylchloroisothiazolinone, Magnesium Chloride, Methylisothiazolinone, CI 42090";HEAD & SHOULDERS;/storage/photo/original/a/head-shoulders-shampun-kontrol-nad-zhirnostyu-dlya-muzhchin-400-ml.jpg;279
Средства гигиены/Душ и ванная/Шампуни;"(Характеристики товара (Средства гигиены))Тип товара:Шампунь;
(Характеристики товара (Средства гигиены))Бренд:HEAD & SHOULDERS;
(Характеристики товара (Средства гигиены))Серия:Supreme;
(Характеристики товара (Средства гигиены))Для кого:Для взрослых;
(Характеристики товара (Средства гигиены))Страна происхождения:Франция;
(Характеристики товара (Средства гигиены))EAN:8001090678348;
(Характеристики товара (Средства гигиены))Объем:300 мл;
(Характеристики товара (Средства гигиены))Код товара:CB-00027270";Средства гигиены/Душ и ванная/Шампуни;330947;HEAD & SHOULDERS шампунь Supreme Увлажнение 300 мл;1;242;"Линия Head & Shoulders Supreme была создана с учетом особенностей женских волос. Эта потрясающая линия шампуней и бальзамов-ополаскивателей против перхоти обеспечивает интенсивное увлажнение и долгосрочную защиту от перхоти.
<br>
Aqua, Sodium Laureth Sulfate, Sodium Lauryl Sulfate, Sodium Chloride, Sodium Xylenesulfonate, Cocamidopropyl Betaine, Glycol Distearate, Piroctone Olamine, Dimethiconol, Sodium Citrate, Parfum, Dimethicone, Citric Acid, TEA-Dodecylbenzenesulfonate, Sodium Benzoate, Guar Hydroxypropyltrimonium Chloride, Trideceth-10, Hexyl Cinnamal, Tetrasodium EDTA, Sodium Hydroxide, Linalool, Hydroxycitronellal, Magnesium Nitrate, Argania Spinosa Kernel Oil, Triethylene Glycol, Propylene Glycol, Methylchloroisothiazolinone, Magnesium Chloride, Methylisothiazolinone";HEAD & SHOULDERS;/storage/photo/original/a/head-shoulders-shampun-supreme-uvlazhnenie-300-ml.jpg;279
Средства гигиены/Душ и ванная/Шампуни;"(Характеристики товара (Средства гигиены))Тип товара:Шампунь;
(Характеристики товара (Средства гигиены))Бренд:HEAD & SHOULDERS;
(Характеристики товара (Средства гигиены))Для кого:Для взрослых;
(Характеристики товара (Средства гигиены))Назначение:От перхоти;
(Характеристики товара (Средства гигиены))Страна происхождения:Румыния;
(Характеристики товара (Средства гигиены))EAN:5410076686704;
(Характеристики товара (Средства гигиены))Объем:200 мл;
(Характеристики товара (Средства гигиены))Код товара:00000041002";Средства гигиены/Душ и ванная/Шампуни;330948;HEAD & SHOULDERS Шампунь Sports Fresh 200 мл;1;146;"<p>Шампунь против перхоти охлаждает кожу головы, очищает волосы и восстанавливает, оздоравливает кожу головы. Подходит для ежедневного использования.</p>
ОСОБЕННОСТИ ПРОДУКТА:
<li>Для регулярного ухода
<li>От перхоти
<br>
Состав: Вода, лаурилсульфат натрия, натрия лауретсульфат, дистеарат гликоля, карбонат цинка, хлорид натрия, ксиленсульфонат натрия, кокамидопропилбетаин, диметикон, отдушка, бензоат натрия, хлорид гуаргидроксипропилтримония, гидроксид карбоната магния, метилхлороизотиазолин, метилизотиазолин, синий 1, желтый 5.";HEAD & SHOULDERS;/storage/photo/original/a/head-shoulders-shampun-sports-fresh-200-ml.jpg;163
Средства гигиены/Душ и ванная/Шампуни;"(Характеристики товара (Средства гигиены))Тип товара:Шампунь;
(Характеристики товара (Средства гигиены))Бренд:HEAD & SHOULDERS;
(Характеристики товара (Средства гигиены))Серия:Supreme;
(Характеристики товара (Средства гигиены))Для кого:Для взрослых;
(Характеристики товара (Средства гигиены))Страна происхождения:Франция;
(Характеристики товара (Средства гигиены))EAN:8001090678409;
(Характеристики товара (Средства гигиены))Объем:300 мл;
(Характеристики товара (Средства гигиены))Код товара:CB-00027271";Средства гигиены/Душ и ванная/Шампуни;330949;HEAD & SHOULDERS шампунь Supreme Укрепление 300 мл;1;242;"Линия Head & Shoulders Supreme была создана с учетом особенностей женских волос. Эта потрясающая линия шампуней и бальзамов-ополаскивателей против перхоти обеспечивает интенсивное увлажнение и долгосрочную защиту от перхоти.
<br>
Aqua, Sodium Laureth Sulfate, Sodium Lauryl Sulfate, Sodium Chloride, Sodium Xylenesulfonate, Cocamidopropyl Betaine, Glycol Distearate, Piroctone Olamine, Dimethiconol, Sodium Citrate, Parfum, Dimethicone, Citric Acid, TEA-Dodecylbenzenesulfonate, Sodium Benzoate, Guar Hydroxypropyltrimonium Chloride, Trideceth-10, Hexyl Cinnamal, Tetrasodium EDTA, Sodium Hydroxide, Linalool, Hydroxycitronellal, Magnesium Nitrate, Argania Spinosa Kernel Oil, Mel, Triethylene Glycol, Propylene Glycol, Methylchloroisothiazolinone, Magnesium Chloride, Methylisothiazolinone";HEAD & SHOULDERS;/storage/photo/original/a/head-shoulders-shampun-supreme-ukreplenie-300-ml.jpg;279
Средства гигиены/Душ и ванная/Шампуни;"(Характеристики товара (Средства гигиены))Тип товара:Шампунь;
(Характеристики товара (Средства гигиены))Бренд:HEAD & SHOULDERS;
(Характеристики товара (Средства гигиены))Для кого:Для взрослых;
(Характеристики товара (Средства гигиены))Назначение:От перхоти;
(Характеристики товара (Средства гигиены))Страна происхождения:Румыния;
(Характеристики товара (Средства гигиены))EAN:5000174028447;
(Характеристики товара (Средства гигиены))Объем:200 мл;
(Характеристики товара (Средства гигиены))Код товара:00000041909";Средства гигиены/Душ и ванная/Шампуни;330950;HEAD & SHOULDERS Шампунь 2 в 1 Ментол 200 мл;1;146;"<p>Шампунь и бальзам-ополаскиватель против перхоти, очищает волосы, охлаждает и успокаивает кожу головы, снимает зуд. Подходит для ежедневного использования.</p>
ОСОБЕННОСТИ ПРОДУКТА:
<li>2 в 1 шампунь и бальзам
<li>Для регулярного ухода
<li>От перхоти
<li>Снимает зуд";HEAD & SHOULDERS;/storage/photo/original/a/head-shoulders-shampun-2-v-1-mentol-200-ml.jpg;163
Средства гигиены/Душ и ванная/Шампуни;"(Характеристики товара (Средства гигиены))Тип товара:Шампунь;
(Характеристики товара (Средства гигиены))Бренд:HEAD & SHOULDERS;
(Характеристики товара (Средства гигиены))Для кого:Для взрослых;
(Характеристики товара (Средства гигиены))Назначение:От перхоти;
(Характеристики товара (Средства гигиены))Страна происхождения:Румыния;
(Характеристики товара (Средства гигиены))EAN:5410076659128;
(Характеристики товара (Средства гигиены))Объем:400 мл;
(Характеристики товара (Средства гигиены))Код товара:00000041000";Средства гигиены/Душ и ванная/Шампуни;330951;HEAD & SHOULDERS Шампунь Яблочная свежесть 400 мл;1;242;"<p>Шампунь против перхоти, очищает волосы, оздоравливает кожу головы. Подходит для ежедневного использования.</p>
ОСОБЕННОСТИ ПРОДУКТА:
<li>Для регулярного ухода
<li>От перхоти
<br>
Состав: Вода, лаурилсульфат натрия, натрия лауретсульфат, дистеарат гликоля, карбонат цинка, хлорид натрия, ксиленсульфонат натрия, кокамидопропилбетаин, диметикон, отдушка, бензоат натрия, хлорид гуаргидроксипропилтримония, гидроксид карбоната магния, метилхлороизотиазолин, метилизотиазолин, синий 1, желтый 5.";HEAD & SHOULDERS;/storage/photo/original/a/head-shoulders-shampun-yablochnaya-svezhest-400-ml.jpg;279
Средства гигиены/Душ и ванная/Шампуни;"(Характеристики товара (Средства гигиены))Тип товара:Шампунь;
(Характеристики товара (Средства гигиены))Бренд:HEAD & SHOULDERS;
(Характеристики товара (Средства гигиены))Для кого:Для взрослых;
(Характеристики товара (Средства гигиены))Страна происхождения:Румыния;
(Характеристики товара (Средства гигиены))EAN:5410076929726;
(Характеристики товара (Средства гигиены))Объем:200 мл;
(Характеристики товара (Средства гигиены))Код товара:00000040192";Средства гигиены/Душ и ванная/Шампуни;330952;HEAD & SHOULDERS шампунь Успокаивающий уход 200 мл;1;146;"<p>Шампунь против перхоти успокаивает кожу головы. Снимает кожный зуд. Активизирует кровообращение, глубоко питает волосяные луковицы. Подходит для ежедневного использования.</p>
ОСОБЕННОСТИ ПРОДУКТА:
<li>Успокаивает зудящую кожу
<li>От перхоти
<li>Охлаждает
<br>
Состав: Вода, лаурилсульфат натрия, натрия лауретсульфат, дистеарат гликоля, карбонат цинка, хлорид натрия, ксиленсульфонат натрия, кокамидопропилбетаин, диметикон, отдушка, бензоат натрия, хлорид гуаргидроксипропилтримония, гидроксид карбоната магния, метилхлороизотиазолин, метилизотиазолин, синий 1, желтый 5.";HEAD & SHOULDERS;/storage/photo/original/a/head-shoulders-shampun-uspokaivayushij-uhod-200-ml.jpg;163
Средства гигиены/Душ и ванная/Шампуни;"(Характеристики товара (Средства гигиены))Тип товара:Шампунь;
(Характеристики товара (Средства гигиены))Бренд:HEAD & SHOULDERS;
(Характеристики товара (Средства гигиены))Серия:Supreme;
(Характеристики товара (Средства гигиены))Для кого:Для взрослых;
(Характеристики товара (Средства гигиены))Страна происхождения:Франция;
(Характеристики товара (Средства гигиены))EAN:8001090678379;
(Характеристики товара (Средства гигиены))Объем:300 мл;
(Характеристики товара (Средства гигиены))Код товара:CB-00027269";Средства гигиены/Душ и ванная/Шампуни;330953;HEAD & SHOULDERS шампунь Supreme Восстановление 300 мл;1;242;"Линия Head & Shoulders Supreme была создана с учетом особенностей женских волос. Эта потрясающая линия шампуней и бальзамов-ополаскивателей против перхоти обеспечивает интенсивное увлажнение и долгосрочную защиту от перхоти.
<br>
Aqua, Sodium Laureth Sulfate, Sodium Lauryl Sulfate, Sodium Chloride, Sodium Xylenesulfonate, Cocamidopropyl Betaine, Glycol Distearate, Piroctone Olamine, Dimethiconol, Sodium Citrate, Parfum, Dimethicone, Citric Acid, TEA-Dodecylbenzenesulfonate, Sodium Benzoate, Guar Hydroxypropyltrimonium Chloride, Trideceth-10, Hexyl Cinnamal, Tetrasodium EDTA, Sodium Hydroxide, Linalool, Hydroxycitronellal, Magnesium Nitrate, Argania Spinosa Kernel Oil, Persea Gratissima Oil, Triethylene Glycol, Propylene Glycol, Methylchloroisothiazolinone, Magnesium Chloride, Methylisothiazolinone";HEAD & SHOULDERS;/storage/photo/original/a/head-shoulders-shampun-supreme-vosstanovlenie-300-ml.jpg;279
Средства гигиены/Душ и ванная/Шампуни;"(Характеристики товара (Средства гигиены))Тип товара:Шампунь;
(Характеристики товара (Средства гигиены))Бренд:HEAD & SHOULDERS;
(Характеристики товара (Средства гигиены))Для кого:Для взрослых;
(Характеристики товара (Средства гигиены))Назначение:От выпадения;
(Характеристики товара (Средства гигиены))Страна происхождения:Румыния;
(Характеристики товара (Средства гигиены))EAN:5410076929757;
(Характеристики товара (Средства гигиены))Объем:400 мл;
(Характеристики товара (Средства гигиены))Код товара:00000037168";Средства гигиены/Душ и ванная/Шампуни;330954;HEAD & SHOULDERS Шампунь Успокаивающий уход 400 мл;1;242;"<p>Шампунь против перхоти успокаивает кожу головы. Снимает кожный зуд. Активизирует кровообращение, глубоко питает волосяные луковицы. Подходит для ежедневного использования.</p>
ОСОБЕННОСТИ ПРОДУКТА:
<li>Успокаивает зудящую кожу
<li>От перхоти
<li>Охлаждает
<br>
Состав: Вода, лаурилсульфат натрия, натрия лауретсульфат, дистеарат гликоля, карбонат цинка, хлорид натрия, ксиленсульфонат натрия, кокамидопропилбетаин, диметикон, отдушка, бензоат натрия, хлорид гуаргидроксипропилтримония, гидроксид карбоната магния, метилхлороизотиазолин, метилизотиазолин, синий 1, желтый 5.";HEAD & SHOULDERS;/storage/photo/original/a/head-shoulders-shampun-uspokaivayushij-uhod-400-ml.jpg;279
Средства гигиены/Душ и ванная/Шампуни;"(Характеристики товара (Средства гигиены))Тип товара:Шампунь;
(Характеристики товара (Средства гигиены))Бренд:HEAD & SHOULDERS;
(Характеристики товара (Средства гигиены))Для кого:Для взрослых;
(Характеристики товара (Средства гигиены))Страна происхождения:Румыния;
(Характеристики товара (Средства гигиены))EAN:5000174511840;
(Характеристики товара (Средства гигиены))Объем:200 мл;
(Характеристики товара (Средства гигиены))Код товара:00000036521";Средства гигиены/Душ и ванная/Шампуни;330955;HEAD & SHOULDERS шампунь Энергия океана 200 мл;1;146;"<p>Шампунь и бальзам-ополаскиватель против перхоти, очищает волосы, оздоравливает кожу головы. Подходит для ежедневного использования.</p>
ОСОБЕННОСТИ ПРОДУКТА:
<li>Для регулярного ухода
<li>От перхоти
<br>
Состав: Вода, лаурилсульфат натрия, натрия лауретсульфат, дистеарат гликоля, карбонат цинка, хлорид натрия, ксиленсульфонат натрия, кокамидопропилбетаин, диметикон, отдушка, бензоат натрия, хлорид гуаргидроксипропилтримония, гидроксид карбоната магния, метилхлороизотиазолин, метилизотиазолин, синий 1, желтый 5.";HEAD & SHOULDERS;/storage/photo/original/a/head-shoulders-shampun-energiya-okeana-200-ml.jpg;163
Средства гигиены/Душ и ванная/Шампуни;"(Характеристики товара (Средства гигиены))Тип товара:Шампунь;
(Характеристики товара (Средства гигиены))Бренд:HEAD & SHOULDERS;
(Характеристики товара (Средства гигиены))Для кого:Для взрослых;
(Характеристики товара (Средства гигиены))Назначение:От перхоти;
(Характеристики товара (Средства гигиены))Страна происхождения:Румыния;
(Характеристики товара (Средства гигиены))EAN:4015600509446;
(Характеристики товара (Средства гигиены))Объем:200 мл;
(Характеристики товара (Средства гигиены))Код товара:00000041914";Средства гигиены/Душ и ванная/Шампуни;330956;HEAD & SHOULDERS шампунь Комплексный уход 200 мл;1;146;"<p>Шампунь и бальзам-ополаскиватель против перхоти, очищает волосы, оздоравливает кожу головы. Подходит для ежедневного использования.</p>
ОСОБЕННОСТИ ПРОДУКТА:
<li>Для регулярного ухода
<li>От перхоти
<br>
Состав:  Вода, лаурилсульфат натрия, натрия лауретсульфат, дистеарат гликоля, карбонат цинка, хлорид натрия, ксиленсульфонат натрия, кокамидопропилбетаин, диметикон, отдушка, бензоат натрия, хлорид гуаргидроксипропилтримония, гидроксид карбоната магния, метилхлороизотиазолин, метилизотиазолин, синий 1, желтый 5.";HEAD & SHOULDERS;/storage/photo/original/a/head-shoulders-shampun-kompleksnij-uhod-200-ml.jpg;163
Средства гигиены/Душ и ванная/Шампуни;"(Характеристики товара (Средства гигиены))Тип товара:Шампунь;
(Характеристики товара (Средства гигиены))Бренд:HEAD & SHOULDERS;
(Характеристики товара (Средства гигиены))Для кого:Для взрослых;
(Характеристики товара (Средства гигиены))Назначение:От перхоти;
(Характеристики товара (Средства гигиены))Страна происхождения:Румыния;
(Характеристики товара (Средства гигиены))EAN:4015600765156;
(Характеристики товара (Средства гигиены))Объем:400 мл;
(Характеристики товара (Средства гигиены))Код товара:00000039596";Средства гигиены/Душ и ванная/Шампуни;330957;HEAD & SHOULDERS Шампунь 2 в 1 Цитрусовая свежесть 400 мл;1;242;"<p>Шампунь и бальзам-ополаскиватель против перхоти для регулярного ухода за жирными волосами, очищает волосы, оздоравливает кожу головы. Подходит для ежедневного использования.</p>
ОСОБЕННОСТИ ПРОДУКТА:
<li>Для регулярного ухода
<li>От перхоти
<li>Для жирных волос
<br>
Состав: Вода, лаурилсульфат натрия, натрия лауретсульфат, дистеарат гликоля, карбонат цинка, хлорид натрия, ксиленсульфонат натрия, кокамидопропилбетаин, диметикон, отдушка, бензоат натрия, хлорид гуаргидроксипропилтримония, гидроксид карбоната магния, метилхлороизотиазолин, метилизотиазолин, синий 1, желтый 5.";HEAD & SHOULDERS;/storage/photo/original/a/head-shoulders-shampun-2-v-1-citrusovaya-svezhest-400-ml.jpg;279
Средства гигиены/Душ и ванная/Шампуни;"(Характеристики товара (Средства гигиены))Тип товара:Шампунь;
(Характеристики товара (Средства гигиены))Бренд:HEAD & SHOULDERS;
(Характеристики товара (Средства гигиены))Для кого:Для взрослых;
(Характеристики товара (Средства гигиены))Назначение:От перхоти;
(Характеристики товара (Средства гигиены))Страна происхождения:Румыния;
(Характеристики товара (Средства гигиены))EAN:4015600509477;
(Характеристики товара (Средства гигиены))Объем:400 мл;
(Характеристики товара (Средства гигиены))Код товара:00000039534";Средства гигиены/Душ и ванная/Шампуни;330958;HEAD & SHOULDERS Шампунь Комплексный уход 400 мл;1;242;"<p>Шампунь и бальзам-ополаскиватель против перхоти, очищает волосы, оздоравливает кожу головы. Подходит для ежедневного использования.</p>
ОСОБЕННОСТИ ПРОДУКТА:
<li>Для регулярного ухода
<li>От перхоти
<br>
Состав:  Вода, лаурилсульфат натрия, натрия лауретсульфат, дистеарат гликоля, карбонат цинка, хлорид натрия, ксиленсульфонат натрия, кокамидопропилбетаин, диметикон, отдушка, бензоат натрия, хлорид гуаргидроксипропилтримония, гидроксид карбоната магния, метилхлороизотиазолин, метилизотиазолин, синий 1, желтый 5.";HEAD & SHOULDERS;/storage/photo/original/a/head-shoulders-shampun-kompleksnij-uhod-400-ml.jpg;279
Средства гигиены/Душ и ванная/Шампуни;"(Характеристики товара (Средства гигиены))Тип товара:Шампунь;
(Характеристики товара (Средства гигиены))Бренд:HEAD & SHOULDERS;
(Характеристики товара (Средства гигиены))Для кого:Для взрослых;
(Характеристики товара (Средства гигиены))Назначение:От перхоти;
(Характеристики товара (Средства гигиены))Страна происхождения:Румыния;
(Характеристики товара (Средства гигиены))EAN:5000174896190;
(Характеристики товара (Средства гигиены))Объем:400 мл;
(Характеристики товара (Средства гигиены))Код товара:00000039691";Средства гигиены/Душ и ванная/Шампуни;330959;HEAD & SHOULDERS Шампунь Лед Арктики 400 мл;1;242;"<p>Шампунь против перхоти успокаивает и охлаждает кожу головы. Снимает кожный зуд. Активизирует кровообращение, глубоко питает волосяные луковицы. Подходит для ежедневного использования.</p>
ОСОБЕННОСТИ ПРОДУКТА:
<li>Успокаивает зудящую кожу
<li>От перхоти
<li>Охлаждает
<br>
Состав: Aqua, Sodium Lauryl Sulfate, Sodium Laureth Sulfate, Glycol Distearate, Zink Carbonate, Sodium Chloride, Sodium Xylenesulfonate, Zinc Pyrithione, Cocamidopropyl Betaine, Dimethicone, Parfum, Menthol, Sodium Benzoate, Guar Hydroxypropyltrimonium Chloride, Hydrochloric Acid, Magnesium Carbonate Hydroxide, Hexyl Cinnamal, Linalool, Magnesium Nitrate, Sodium Polynaphthalenesulfonate, Methylchloroisothiazolinone, Magnesium Chloride, CI 42090, Methylisothiazolinone, CI 17200.";HEAD & SHOULDERS;/storage/photo/original/a/head-shoulders-shampun-led-arktiki-400-ml.jpg;279
Средства гигиены/Душ и ванная/Шампуни;"(Характеристики товара (Средства гигиены))Тип товара:Шампунь;
(Характеристики товара (Средства гигиены))Бренд:HEAD & SHOULDERS;
(Характеристики товара (Средства гигиены))Для кого:Для мужчин;
(Характеристики товара (Средства гигиены))Назначение:От выпадения;
(Характеристики товара (Средства гигиены))Страна происхождения:Румыния;
(Характеристики товара (Средства гигиены))EAN:4015600765187;
(Характеристики товара (Средства гигиены))Объем:400 мл;
(Характеристики товара (Средства гигиены))Код товара:00000035631";Средства гигиены/Душ и ванная/Шампуни;330960;HEAD & SHOULDERS Шампунь 2 в 1 Укрепление волос мужской 400 мл;1;242;"<p>2 в 1 шампунь и бальзам ополаскиватель против перхоти успокаивает и питает волосяные луковицы, уменьшает ломкость волос, предотвращает выпадение. Подходит для ежедневного использования. С ароматом для мужчин.</p>
ОСОБЕННОСТИ ПРОДУКТА:
<li>Шампунь и бальзам ополаскиватель 2 в 1
<li>От перхоти
<li>Уменьшает выпадение волос
<li>Ароматизатор для мужчин
<br>
Состав: Вода, лаурилсульфат натрия, лауретсульфат натрия, дистеарат гликоля, карбонат цинка, хлорид натрия, ксиленсульфонат натрия, диметикон, цинк пиритион, кокамидопропилбетаин, отдушка, бензоат натрия, ментол, хлорид гуаргидроксипропилтримония, хлористоводородная кислота, гидроксид карбоната магния, лимонен, линалоол, нитрат магния, токоферола ацетат, полинафталинсульфонат натрия, CI 19140, метилхлоризотиазолинон, хлорид магния, метилизотиазолин, CI 42090.";HEAD & SHOULDERS;/storage/photo/original/a/head-shoulders-shampun-2-v-1-ukreplenie-volos-muzhskoj-400-ml.jpg;279
Средства гигиены/Душ и ванная/Шампуни;"(Характеристики товара (Средства гигиены))Тип товара:Шампунь;
(Характеристики товара (Средства гигиены))Бренд:HEAD & SHOULDERS;
(Характеристики товара (Средства гигиены))Для кого:Для взрослых;
(Характеристики товара (Средства гигиены))Назначение:От перхоти;
(Характеристики товара (Средства гигиены))Страна происхождения:Румыния;
(Характеристики товара (Средства гигиены))EAN:5000174511871;
(Характеристики товара (Средства гигиены))Объем:400 мл;
(Характеристики товара (Средства гигиены))Код товара:00000041478";Средства гигиены/Душ и ванная/Шампуни;330961;HEAD & SHOULDERS Шампунь Энергия океана 400 мл;1;242;"<p>Шампунь и бальзам-ополаскиватель против перхоти, очищает волосы, оздоравливает кожу головы. Подходит для ежедневного использования.</p>
ОСОБЕННОСТИ ПРОДУКТА:
<li>Для регулярного ухода
<li>От перхоти
<br>
Состав: Вода, лаурилсульфат натрия, натрия лауретсульфат, дистеарат гликоля, карбонат цинка, хлорид натрия, ксиленсульфонат натрия, кокамидопропилбетаин, диметикон, отдушка, бензоат натрия, хлорид гуаргидроксипропилтримония, гидроксид карбоната магния, метилхлороизотиазолин, метилизотиазолин, синий 1, желтый 5.";HEAD & SHOULDERS;/storage/photo/original/a/head-shoulders-shampun-energiya-okeana-400-ml.jpg;279
Средства гигиены/Душ и ванная/Шампуни;"(Характеристики товара (Средства гигиены))Тип товара:Шампунь;
(Характеристики товара (Средства гигиены))Бренд:HEAD & SHOULDERS;
(Характеристики товара (Средства гигиены))Для кого:Для взрослых;
(Характеристики товара (Средства гигиены))Страна происхождения:Румыния;
(Характеристики товара (Средства гигиены))EAN:5000174896169;
(Характеристики товара (Средства гигиены))Объем:200 мл;
(Характеристики товара (Средства гигиены))Код товара:00000041849";Средства гигиены/Душ и ванная/Шампуни;330962;HEAD & SHOULDERS шампунь Лед Арктики 200 мл;1;146;"<p>Шампунь против перхоти успокаивает и охлаждает кожу головы. Снимает кожный зуд. Активизирует кровообращение, глубоко питает волосяные луковицы. Подходит для ежедневного использования.</p>
ОСОБЕННОСТИ ПРОДУКТА:
<li>Успокаивает зудящую кожу
<li>От перхоти
<li>Охлаждает
<br>
Состав: Aqua, Sodium Lauryl Sulfate, Sodium Laureth Sulfate, Glycol Distearate, Zink Carbonate, Sodium Chloride, Sodium Xylenesulfonate, Zinc Pyrithione, Cocamidopropyl Betaine, Dimethicone, Parfum, Menthol, Sodium Benzoate, Guar Hydroxypropyltrimonium Chloride, Hydrochloric Acid, Magnesium Carbonate Hydroxide, Hexyl Cinnamal, Linalool, Magnesium Nitrate, Sodium Polynaphthalenesulfonate, Methylchloroisothiazolinone, Magnesium Chloride, CI 42090, Methylisothiazolinone, CI 17200.";HEAD & SHOULDERS;/storage/photo/original/a/head-shoulders-shampun-led-arktiki-200-ml.jpg;163
Средства гигиены/Душ и ванная/Шампуни;"(Характеристики товара (Средства гигиены))Тип товара:Шампунь;
(Характеристики товара (Средства гигиены))Бренд:HEAD & SHOULDERS;
(Характеристики товара (Средства гигиены))Для кого:Для взрослых;
(Характеристики товара (Средства гигиены))Страна происхождения:Румыния;
(Характеристики товара (Средства гигиены))EAN:5601059396677;
(Характеристики товара (Средства гигиены))Объем:200 мл;
(Характеристики товара (Средства гигиены))Код товара:00000039532";Средства гигиены/Душ и ванная/Шампуни;330963;HEAD & SHOULDERS шампунь Основной уход 200 мл;1;146;"<p>
Шампунь от перхоти, очищает волосы и ухаживает за кожей головы. Дарит волосам красоту и здоровье Подходит для ежедневного использования.
</p>
ОСОБЕННОСТИ ПРОДУКТА:
<li>Для регулярного применения
<li>От перхоти
<br>
Состав: Вода, лаурилсульфат натрия, натрия лауретсульфат, дистеарат гликоля, карбонат цинка, хлорид натрия, ксиленсульфонат натрия, кокамидопропилбетаин, диметикон, отдушка, бензоат натрия, хлорид гуаргидроксипропилтримония, гидроксид карбоната магния, метилхлороизотиазолин, метилизотиазолин, синий 1, желтый 5.";HEAD & SHOULDERS;/storage/photo/original/a/head-shoulders-shampun-osnovnoj-uhod-200-ml.jpg;163
Средства гигиены/Душ и ванная/Шампуни;"(Характеристики товара (Средства гигиены))Тип товара:Шампунь;
(Характеристики товара (Средства гигиены))Бренд:HEAD & SHOULDERS;
(Характеристики товара (Средства гигиены))Для кого:Для взрослых;
(Характеристики товара (Средства гигиены))Назначение:От перхоти;
(Характеристики товара (Средства гигиены))Страна происхождения:Румыния;
(Характеристики товара (Средства гигиены))EAN:5000174391664;
(Характеристики товара (Средства гигиены))Объем:200 мл;
(Характеристики товара (Средства гигиены))Код товара:00000039630";Средства гигиены/Душ и ванная/Шампуни;330964;HEAD & SHOULDERS Шампунь Sensitive 200 мл;1;146;"<p>Шампунь и бальзам-ополаскиватель против перхоти, очищает волосы, содержит алоэ вера успокаивает кожу, и возвращает вашим волосам здоровый вид. Подходит для ежедневного использования.</p>
ОСОБЕННОСТИ ПРОДУКТА:
<li>Для регулярного ухода
<li>От перхоти
<li>Для чувствительной кожи головы
<br>
Состав: Вода, лаурилсульфат натрия, натрия лауретсульфат, дистеарат гликоля, карбонат цинка, хлорид натрия, ксиленсульфонат натрия, кокамидопропилбетаин, диметикон, отдушка, бензоат натрия, хлорид гуаргидроксипропилтримония, гидроксид карбоната магния, метилхлороизотиазолин, метилизотиазолин, синий 1, желтый 5.";HEAD & SHOULDERS;/storage/photo/original/a/head-shoulders-shampun-sensitive-200-ml.jpg;163
Средства гигиены/Душ и ванная/Шампуни;"(Характеристики товара (Средства гигиены))Тип товара:Шампунь;
(Характеристики товара (Средства гигиены))Бренд:HEAD & SHOULDERS;
(Характеристики товара (Средства гигиены))Для кого:Для взрослых;
(Характеристики товара (Средства гигиены))Назначение:От перхоти;
(Характеристики товара (Средства гигиены))Страна происхождения:Румыния;
(Характеристики товара (Средства гигиены))EAN:5000174900637;
(Характеристики товара (Средства гигиены))Объем:400 мл;
(Характеристики товара (Средства гигиены))Код товара:00000040580";Средства гигиены/Душ и ванная/Шампуни;330965;HEAD & SHOULDERS Шампунь Основной уход 400 мл;1;242;"<p>
Шампунь от перхоти, очищает волосы и ухаживает за кожей головы. Дарит волосам красоту и здоровье Подходит для ежедневного использования.
</p>
ОСОБЕННОСТИ ПРОДУКТА:
<li>Для регулярного применения
<li>От перхоти
<br>
Состав: Вода, лаурилсульфат натрия, натрия лауретсульфат, дистеарат гликоля, карбонат цинка, хлорид натрия, ксиленсульфонат натрия, кокамидопропилбетаин, диметикон, отдушка, бензоат натрия, хлорид гуаргидроксипропилтримония, гидроксид карбоната магния, метилхлороизотиазолин, метилизотиазолин, синий 1, желтый 5.";HEAD & SHOULDERS;/storage/photo/original/a/head-shoulders-shampun-osnovnoj-uhod-400-ml.jpg;279
Средства гигиены/Душ и ванная/Шампуни;"(Характеристики товара (Средства гигиены))Тип товара:Шампунь;
(Характеристики товара (Средства гигиены))Бренд:HEAD & SHOULDERS;
(Характеристики товара (Средства гигиены))Для кого:Для взрослых;
(Характеристики товара (Средства гигиены))Назначение:От перхоти;
(Характеристики товара (Средства гигиены))Страна происхождения:Румыния;
(Характеристики товара (Средства гигиены))EAN:5000174391695;
(Характеристики товара (Средства гигиены))Объем:400 мл;
(Характеристики товара (Средства гигиены))Код товара:00000039593";Средства гигиены/Душ и ванная/Шампуни;330966;HEAD & SHOULDERS Шампунь Sensitive 400 мл;1;242;"<p>Шампунь и бальзам-ополаскиватель против перхоти, очищает волосы, содержит алоэ вера успокаивает кожу, и возвращает вашим волосам здоровый вид. Подходит для ежедневного использования.</p>
ОСОБЕННОСТИ ПРОДУКТА:
<li>Для регулярного ухода
<li>От перхоти
<li>Для чувствительной кожи головы
<br>
Состав: Вода, лаурилсульфат натрия, натрия лауретсульфат, дистеарат гликоля, карбонат цинка, хлорид натрия, ксиленсульфонат натрия, кокамидопропилбетаин, диметикон, отдушка, бензоат натрия, хлорид гуаргидроксипропилтримония, гидроксид карбоната магния, метилхлороизотиазолин, метилизотиазолин, синий 1, желтый 5.";HEAD & SHOULDERS;/storage/photo/original/a/head-shoulders-shampun-sensitive-400-ml.jpg;279
Средства гигиены/Душ и ванная/Шампуни;"(Характеристики товара (Средства гигиены))Тип товара:Шампунь;
(Характеристики товара (Средства гигиены))Бренд:HEAD & SHOULDERS;
(Характеристики товара (Средства гигиены))Для кого:Для взрослых;
(Характеристики товара (Средства гигиены))Страна происхождения:Румыния;
(Характеристики товара (Средства гигиены))EAN:5410076659098;
(Характеристики товара (Средства гигиены))Объем:200 мл;
(Характеристики товара (Средства гигиены))Код товара:CB-00015634";Средства гигиены/Душ и ванная/Шампуни;330967;HEAD & SHOULDERS шампунь Яблочная свежесть 200 мл;1;146;"<p>Шампунь против перхоти, очищает волосы, оздоравливает кожу головы. Подходит для ежедневного использования.</p>
ОСОБЕННОСТИ ПРОДУКТА:
<li>Для регулярного ухода
<li>От перхоти
<br>
Состав: Вода, лаурилсульфат натрия, натрия лауретсульфат, дистеарат гликоля, карбонат цинка, хлорид натрия, ксиленсульфонат натрия, кокамидопропилбетаин, диметикон, отдушка, бензоат натрия, хлорид гуаргидроксипропилтримония, гидроксид карбоната магния, метилхлороизотиазолин, метилизотиазолин, синий 1, желтый 5.";HEAD & SHOULDERS;/storage/photo/original/a/head-shoulders-shampun-yablochnaya-svezhest-200-ml.jpg;163
Средства гигиены/Душ и ванная/Шампуни;"(Характеристики товара (Средства гигиены))Тип товара:Шампунь;
(Характеристики товара (Средства гигиены))Бренд:HEAD & SHOULDERS;
(Характеристики товара (Средства гигиены))Для кого:Для мужчин;
(Характеристики товара (Средства гигиены))Назначение:От выпадения;
(Характеристики товара (Средства гигиены))Страна происхождения:Румыния;
(Характеристики товара (Средства гигиены))EAN:5011321656857;
(Характеристики товара (Средства гигиены))Объем:400 мл;
(Характеристики товара (Средства гигиены))Код товара:00000035631";Средства гигиены/Душ и ванная/Шампуни;330968;HEAD & SHOULDERS Шампунь Укрепление волос мужской 400 мл;1;242;"<p>Шампунь против перхоти успокаивает и питает волосяные луковицы, уменьшает ломкость волос, предотвращает выпадение. Подходит для ежедневного использования. С ароматом для мужчин.</p>
ОСОБЕННОСТИ ПРОДУКТА:
<li>От перхоти
<li>Уменьшает выпадение волос
<li>Ароматизатор для мужчин";HEAD & SHOULDERS;/storage/photo/original/a/head-shoulders-shampun-ukreplenie-volos-muzhskoj-400-ml.jpg;279
Средства гигиены/Душ и ванная/Шампуни;"(Характеристики товара (Средства гигиены))Тип товара:Шампунь;
(Характеристики товара (Средства гигиены))Бренд:HEAD & SHOULDERS;
(Характеристики товара (Средства гигиены))Для кого:Для взрослых;
(Характеристики товара (Средства гигиены))Назначение:От перхоти;
(Характеристики товара (Средства гигиены))Страна происхождения:Румыния;
(Характеристики товара (Средства гигиены))EAN:5000174194401;
(Характеристики товара (Средства гигиены))Объем:400 мл;
(Характеристики товара (Средства гигиены))Код товара:00000039596";Средства гигиены/Душ и ванная/Шампуни;330969;HEAD & SHOULDERS Шампунь Цитрусовая свежесть 400 мл;1;242;"<p>Шампунь против перхоти для регулярного ухода за жирными волосами, очищает волосы, оздоравливает кожу головы. Подходит для ежедневного использования.</p>
ОСОБЕННОСТИ ПРОДУКТА:
<li>Для регулярного ухода
<li>От перхоти
<li>Для жирных волос
<br>
Состав: Вода, лаурилсульфат натрия, натрия лауретсульфат, дистеарат гликоля, карбонат цинка, хлорид натрия, ксиленсульфонат натрия, кокамидопропилбетаин, диметикон, отдушка, бензоат натрия, хлорид гуаргидроксипропилтримония, гидроксид карбоната магния, метилхлороизотиазолин, метилизотиазолин, синий 1, желтый 5.";HEAD & SHOULDERS;/storage/photo/original/a/head-shoulders-shampun-citrusovaya-svezhest-400-ml.jpg;279
