"Категории";"Основная категория";"Показывать товар";"Артикул";"Цена_Трансазия";"Цена_Розничная";"Короткое название";"Бренд";"Фотографии";"Характеристики";"Описание товара";"Сопутствующие товары";"Рекомендуемые товары"
"Бытовая химия/Чистящие средства/Чистящие средства для кухни";"Бытовая химия/Чистящие средства/Чистящие средства для кухни";1;460444;;" ";"VORTEX	чистящее средство Daze для обезжиривания и удаления нагара 0,5 л";"VORTEX";"/storage/photo/original/e/vortexchistyashee-sredstvo-daze-dlya-obezzhirivaniya-i-udaleniya-nagara-05-l.jpg";"(Характеристики товара (Бытовая химия))Тип товара:Чистящее средство;
(Характеристики товара (Бытовая химия))Бренд:VORTEX;
(Характеристики товара (Бытовая химия))Форма:Спрей;
(Характеристики товара (Бытовая химия))Страна происхождения:РОССИЯ;
(Характеристики товара (Бытовая химия))Область применения:Металл, Нагар, Плита, Посуда;
(Характеристики товара (Бытовая химия))EAN:4630008889046;
(Характеристики товара (Бытовая химия))Объем:500 мл;
(Характеристики товара (Бытовая химия))Код товара:CB-00035946";"Щелочное моющее средство с высоким пенообразованием предназначено для удаления жира, нагара, копоти с посуды, кухонных плит, коптильных камер, грилей
Обладает высоким смачивающим, очищающим, эмульгирующим дейсвтвием
Эффективно удаляет белково-жировые пригары и смолы
Предназначено для удаления загрязнений с оборудования и поверхностей, стойких к воздействию щелочи
Легко смывается с поверхности";;
"Бытовая химия/Чистящие средства/Чистящие средства для туалета и ванной комнаты";"Бытовая химия/Чистящие средства/Чистящие средства для туалета и ванной комнаты";1;460445;149;186;"DOMESTOS  чистящее средство Ультра Блеск для унитаза 1 л";"DOMESTOS";"/storage/photo/original/e/domestos-chistyashee-sredstvo-ultra-blesk-dlya-unitaza-1-l.jpg";"(Характеристики товара (Бытовая химия))Тип товара:Чистящее средство для унитаза;
(Характеристики товара (Бытовая химия))Бренд:DOMESTOS;
(Характеристики товара (Бытовая химия))Страна происхождения:РОССИЯ;
(Характеристики товара (Бытовая химия))EAN:8714100707876;
(Характеристики товара (Бытовая химия))Объем:1 л;
(Характеристики товара (Бытовая химия))Код товара:CB-00035227";"<p>
Чистящее средство для унитаза DOMESTOS Ультра Блеск – это эффективное чистящее средство, которое уничтожает микробы во всем доме для защиты вашей семьи. Благодаря специальной формуле с дезинфицирующим эффектом и чистящими компонентами DOMESTOS убивает все известные микробы, максимально отчищает грязь и устраняет неприятные запахи. Регулярное использование DOMESTOS обеспечит кристальную чистоту и белизну во всем доме. Рекомендуется использовать резиновые перчатки в процессе работы.
</p>
<br>
Особенности Продукта:
<br>
<li>
Сияющая чистота в труднодоступных местах
<li>
Очищает с блеском и предотвращает неприятные запахи
<li>
Инновационный 7-струйный дозатор для удобства нанесения в самые труднодоступные места
<li>
Густое и экономичное средство
<li>
Убивает бактерии, грибки, вирусы и споры
<br>
Состав:
Более 5% гипохлорид натрия, анионные ПАВ, неионогенные ПАВ, мыло, отдушка.
<br>";;
"Бытовая химия/Чистящие средства/Чистящие средства для туалета и ванной комнаты";"Бытовая химия/Чистящие средства/Чистящие средства для туалета и ванной комнаты";1;460446;;" ";"DOMESTOS  чистящее средство Эксперт Сила 7 для унитаза Ультра Белый 500 мл";"DOMESTOS";"/storage/photo/original/e/domestos-chistyashee-sredstvo-ekspert-sila-7-dlya-unitaza-ultra-belij-500-ml.jpg";"(Характеристики товара (Бытовая химия))Тип товара:Чистящее средство для унитаза;
(Характеристики товара (Бытовая химия))Бренд:DOMESTOS;
(Характеристики товара (Бытовая химия))Страна происхождения:РОССИЯ;
(Характеристики товара (Бытовая химия))EAN:8712561015882;
(Характеристики товара (Бытовая химия))Объем:500 мл;
(Характеристики товара (Бытовая химия))Код товара:CB-00038144";"<p>
Чистящее средство для унитаза DOMESTOS Эксперт Ультра Белый уничтожает микробы для защиты вашей семьи. Благодаря особой формуле с дезинфицирующим эффектом и чистящими компонентами DOMESTOS убивает все известные микробы, максимально отчищает грязь и устраняет неприятные запахи. Ежедневное использование DOMESTOS Эксперт Сила 7 обеспечивает быстрое и легкое очищение даже самых труднодоступных мест. Благодаря инновационному семиструйному дозатору DOMESTOS эффективно очищает унитаз и убивает микробы. </p>
<br>
Особенности Продукта:
<br>
<li>
Инновационный 7-струйный дозатор для удобства нанесения
<li>
Густое и экономичное средство
<li>
Максимальная зона нанесения
<li>
Уничтожает неприятные запахи
<li>
Убивает бактерии, грибки, вирусы и споры
<li>
Максимальная защита
<br>
Состав:
Менее 5 % гипохлорит натрия, анионные пав, неионогенные пав, мыло, отдушка.
<br>";;
"Бытовая химия/Чистящие средства/Чистящие средства для туалета и ванной комнаты";"Бытовая химия/Чистящие средства/Чистящие средства для туалета и ванной комнаты";1;460447;149;186;"DOMESTOS  чистящее средство Эксперт Сила 7 для унитаза Ультра Белый 1 л";"DOMESTOS";"/storage/photo/original/e/domestos-chistyashee-sredstvo-ekspert-sila-7-dlya-unitaza-ultra-belij-1-l.jpg";"(Характеристики товара (Бытовая химия))Тип товара:Чистящее средство для унитаза;
(Характеристики товара (Бытовая химия))Бренд:DOMESTOS;
(Характеристики товара (Бытовая химия))Страна происхождения:РОССИЯ;
(Характеристики товара (Бытовая химия))EAN:8712561015875;
(Характеристики товара (Бытовая химия))Объем:1 л;
(Характеристики товара (Бытовая химия))Код товара:CB-00035232";"<p>
Чистящее средство для унитаза DOMESTOS Эксперт Ультра Белый уничтожает микробы для защиты вашей семьи. Благодаря особой формуле с дезинфицирующим эффектом и чистящими компонентами DOMESTOS убивает все известные микробы, максимально отчищает грязь и устраняет неприятные запахи. Ежедневное использование DOMESTOS Эксперт Сила 7 обеспечивает быстрое и легкое очищение даже самых труднодоступных мест. Благодаря инновационному семиструйному дозатору DOMESTOS эффективно очищает унитаз и убивает микробы. </p>
<br>
Особенности Продукта:
<br>
<li>
Инновационный 7-струйный дозатор для удобства нанесения
<li>
Густое и экономичное средство
<li>
Максимальная зона нанесения
<li>
Уничтожает неприятные запахи
<li>
Убивает бактерии, грибки, вирусы и споры
<li>
Максимальная защита
<br>
Состав:
Менее 5 % гипохлорит натрия, анионные пав, неионогенные пав, мыло, отдушка.
<br>";;
"Бытовая химия/Чистящие средства/Чистящие средства для туалета и ванной комнаты";"Бытовая химия/Чистящие средства/Чистящие средства для туалета и ванной комнаты";1;460448;;" ";"DOMESTOS  чистящее средство Green Лайм для унитаза 750 мл";"DOMESTOS";"/storage/photo/original/e/domestos-chistyashee-sredstvo-green-lajm-dlya-unitaza-750-ml.jpg";"(Характеристики товара (Бытовая химия))Тип товара:Чистящее средство для унитаза;
(Характеристики товара (Бытовая химия))Бренд:DOMESTOS;
(Характеристики товара (Бытовая химия))Страна происхождения:Венгрия;
(Характеристики товара (Бытовая химия))EAN:8717163631591;
(Характеристики товара (Бытовая химия))Объем:750 мл;
(Характеристики товара (Бытовая химия))Код товара:CB-00040520";"<p>
Новинка бренда - чистящее средство для унитаза DOMESTOS Green Лайм служит для удаления известкового налета и ржавчины. Кислотное средство не содержит хлора и служит для удаления известкового налета и ржавчины, в том числе желтых, рыжих подтеков и белесых отложений. Действующее вещество в этом средстве - соляная кислота.  Хорошо удерживается на вертикальной поверхности, медленно стекая и действия даже под водой. Уникальная формула меняет цвет при контакте с водой. </p>
<br>
Особенности Продукта:
<br>
<li>
Инновационный 7-струйный дозатор для удобства нанесения
<li>
Ультрагустая формула
<li>
Убивает микробы
<li>
Удаляет известковый налет и ржавчину
<li>
Работает даже под водой
<li>
Устраняет неприятные запахи
<br>
Состав:
5-15% соляная кислота, менее 5% неионогенные ПАВ, менее 5% катионные ПАВ, менее 5% отдушка.
<br>";;
"Бытовая химия/Чистящие средства/Чистящие средства для туалета и ванной комнаты";"Бытовая химия/Чистящие средства/Чистящие средства для туалета и ванной комнаты";1;460449;;" ";"DOMESTOS  чистящее средство Активный Щит для унитаза Свежесть Лайма 750 мл";"DOMESTOS";"/storage/photo/original/e/domestos-chistyashee-sredstvo-aktivnij-shit-dlya-unitaza-svezhest-lajma-750-ml.jpg";"(Характеристики товара (Бытовая химия))Тип товара:Чистящее средство для унитаза;
(Характеристики товара (Бытовая химия))Бренд:DOMESTOS;
(Характеристики товара (Бытовая химия))Страна происхождения:Венгрия;
(Характеристики товара (Бытовая химия))EAN:8712561531771;
(Характеристики товара (Бытовая химия))Объем:750 мл;
(Характеристики товара (Бытовая химия))Код товара:CB-00040685";"<p>
Чистящее средство для унитаза DOMESTOS Активный Щит Свежесть Лайма уничтожает микробы для защиты вашей семьи. Благодаря особой формуле Multi Jet позволяет нанести средство в самые труднодоступные места, обеспечивая уничтожение въевшейся грязи,
ржавчины, известкового налёта и микробов. Ежедневное использование DOMESTOS Активный Щит создаёт защитный слой на поверхности унитаза, продлевая его чистоту и сияние до следующей уборки. Удобен в применении благодаря инновационному семиструйному дозатору.  </p>
<br>
Особенности Продукта:
<br>
<li>
Инновационный 7-струйный дозатор для удобства нанесения
<li>
Ультрагустая формула
<li>
Убивает микробы
<li>
Устраняет неприятные запахи
<li>
Придает поверхности свежий аромат
<br>
Состав:
< 5% перекись водорода, катионные пав, отдушка.
<br>";;
"Бытовая химия/Чистящие средства/Чистящие средства для туалета и ванной комнаты";"Бытовая химия/Чистящие средства/Чистящие средства для туалета и ванной комнаты";1;460450;;" ";"DOMESTOS  чистящее средство Активный Щит для унитаза Свежесть Океана 750 мл";"DOMESTOS";"/storage/photo/original/e/domestos-chistyashee-sredstvo-aktivnij-shit-dlya-unitaza-svezhest-okeana-750-ml.jpg";"(Характеристики товара (Бытовая химия))Тип товара:Чистящее средство для унитаза;
(Характеристики товара (Бытовая химия))Бренд:DOMESTOS;
(Характеристики товара (Бытовая химия))Страна происхождения:Венгрия;
(Характеристики товара (Бытовая химия))EAN:8712561531740;
(Характеристики товара (Бытовая химия))Объем:750 мл;
(Характеристики товара (Бытовая химия))Код товара:CB-00040686";"<p>
Чистящее средство для унитаза DOMESTOS Активный Щит Свежесть Океана уничтожает микробы для защиты вашей семьи. Благодаря особой формуле Multi Jet позволяет нанести средство в самые труднодоступные места, обеспечивая уничтожение въевшейся грязи,
ржавчины, известкового налёта и микробов. Ежедневное использование DOMESTOS Активный Щит создаёт защитный слой на поверхности унитаза, продлевая его чистоту и сияние до следующей уборки. Удобен в применении благодаря инновационному семиструйному дозатору.  </p>
<br>
Особенности Продукта:
<br>
<li>
Инновационный 7-струйный дозатор для удобства нанесения
<li>
Ультрагустая формула
<li>
Убивает микробы
<li>
Устраняет неприятные запахи
<li>
Придает поверхности свежий аромат
<br>
Состав:
< 5% перекись водорода, катионные пав, отдушка.
<br>";;
"Детские товары/Товары для кормления/Бутылочки и поильники";"Детские товары/Товары для кормления/Бутылочки и поильники";1;790190;199;249;"PIGEON соска силиконовая Перистальтик Плюс  размер S (1+ мес) 2 шт";"PIGEON";"/storage/photo/original/e/pigeon-soska-silikonovaya-peristaltik-plyus-razmer-s-1-mes-2-sht.jpg";"(Характеристики товара (Детские товары))Тип товара:Соска для бутылочки;
(Характеристики товара (Детские товары))Бренд:PIGEON;
(Характеристики товара (Детские товары))Страна происхождения:Таиланд;
(Характеристики товара (Детские товары))EAN:4902508018265;
(Характеристики товара (Детские товары))Количество:2 шт;
(Характеристики товара (Детские товары))Код товара:CB-00041583";"<p>
Соска запасная к бутылочке для кормления PIGEON разработана специально для младенцев старше от 1 до 3 месяцев, находящихся на грудном вскармливании. Создана в поддержку грудного вскармливания. Не вызывает путаницы сосков. Уникальная конструкция соски позволяет воспроизводить естественные механизмы сосания груди матери. Матовая текстурированная поверхность способствует надежному захвату соски. Запатентованная вентиляционная система обеспечивает равномерное поступление молока во время кормления. Прошла клинические исследования, изготовлена из очень мягкого, эластичного и плотного силикона, уникальная конструкции соски позволяет формировать естественный прикус. </p>
<br>
Особенности Продукта:
<br>
<li>
Соска для бутылочек PIGEON с широким горлом
<li>
Двойной мягкий силикон
<li>
Вертикальная линия делает соску устойчивой к слипанию
<li>
Средняя скорость поступления жидкости
<li>
Особая форма для стимуляции сосательной деятельности
<li>
Вентиляционное антиколиковое отверстие
<li>
Для детей старше 1 месяца
<br>
Состав:
Силикон.";;
"Детские товары/Купание и гигиена/Наборы детской косметики";"Детские товары/Купание и гигиена/Наборы детской косметики";1;790191;;" ";"SCHAUMA подарочный набор для мальчиков Шампунь-гель для душа Schauma 225 мл  + Гель для тела и волос Fa 250 мл + держатель для зубной щетки";"SCHAUMA";"/storage/photo/original/e/schauma-podarochnij-nabor-dlya-malchikov-shampun-gel-dlya-dusha-schauma-225-ml-gel-dlya-tela-i-volos-fa-250-ml-derzhatel-dlya-zubnoj-shetki.jpg";"(Характеристики товара (Детские товары))Тип товара:Подарочный набор;
(Характеристики товара (Детские товары))Бренд:SCHAUMA;
(Характеристики товара (Детские товары))Страна происхождения:РОССИЯ;
(Характеристики товара (Детские товары))EAN:4015100216929;
(Характеристики товара (Детские товары))Код товара:CB-00039383";"<br><p>Гель для тела и волос Fa Kids Храбрый пират:
Подарит Вашему малышу яркое морское приключение. Он нежно очищает кожу, делая ее невероятно мягкой. Этот гель для душа с провитамином В5 разработан специально для детей, подходит для тела и волос и дарит вашему малышу купание без слез и легкое расчесывание. pH-нейтрален. Хорошая переносимость кожей подтверждена дерматологами.
Шампунь-гель для душа Schauma Kids Для мальчиков:
Больше веселья во время купания вместе с Schauma Kids! Нежный и бережный уход специально для волос и кожи детей — без спутывания и без слез — мягкая гипоаллергенная формула без пропиленгликоля, сульфатов и красителей. Нежный, свежий аромат!</p><br><br>ОСОБЕННОСТИ ПРОДУКТА:";;
"Продукты/Бакалея/Крупы, бобы";"Продукты/Бакалея/Крупы, бобы";1;180015;;" ";"НАЦИОНАЛЬ Premium рис смесь Дикого и бурого  риса 500 г";"НАЦИОНАЛЬ";"/storage/photo/original/e/nacional-premium-ris-smes-dikogo-i-burogo-risa-500-g.jpg";"(Характеристики товара (Продукты))Тип товара:Рис;
(Характеристики товара (Продукты))Бренд:НАЦИОНАЛЬ;
(Характеристики товара (Продукты))Форма упаковки:Пакет;
(Характеристики товара (Продукты))Страна происхождения:РОССИЯ;
(Характеристики товара (Продукты))EAN:4600935000678;
(Характеристики товара (Продукты))Вес:500 г;
(Характеристики товара (Продукты))Код товара:CB-00023846";"Обладает оригинальным вкусом благодаря сочетанию нешлифованного бурого риса и чёрных зёрен дикого риса. Это прекрасно сбалансированный диетический продукт, богатый белками, витаминами, клетчаткой и микроэлементами, в том числе железом. Смесь дикого и бурого риса незаменима во многих диетах и популярна у сторонников здорового питания.";;
"Продукты/Бакалея/Макаронные изделия";"Продукты/Бакалея/Макаронные изделия";1;180016;;" ";"MALTAGLIATI  макароны Filini вермишель 500 гр";"MALTAGLIATI";"/storage/photo/original/e/maltagliati-makaroni-filini-vermishel-500-gr.jpg";"(Характеристики товара (Продукты))Тип товара:Макароны;
(Характеристики товара (Продукты))Бренд:MALTAGLIATI;
(Характеристики товара (Продукты))Страна происхождения:РОССИЯ;
(Характеристики товара (Продукты))EAN:8001810903521;
(Характеристики товара (Продукты))Код товара:CB-00032682";"<br><p>Макаронные изделия Maltagliati производятся в Италии в Тоскане с 1848 года. Несмотря на то, что ""Maltagliati"" - это имя собственное, с начала прошлого века ""Maltagliati"" используется в Италии как нарицательное имя для домашней лапши и формата макаронных изделий похожих на домашнюю лапшу. Это самые известные итальянские макаронные изделия на территории Российской Федерации и, вероятно, всего бывшего СССР. </p><br><br>ОСОБЕННОСТИ ПРОДУКТА:";;
"Продукты/Бакалея/Орехи, семечки, сухофрукты";"Продукты/Бакалея/Орехи, семечки, сухофрукты";1;180017;;" ";"SEEBERGER изюм султанский без косточек 200 г";"SEEBERGER";"/storage/photo/original/e/seeberger-izyum-sultanskij-bez-kostochek-200-g.jpg";"(Характеристики товара (Продукты))Тип товара:Изюм;
(Характеристики товара (Продукты))Бренд:SEEBERGER;
(Характеристики товара (Продукты))Страна происхождения:ТУРЦИЯ;
(Характеристики товара (Продукты))EAN:4008258171011;
(Характеристики товара (Продукты))Вес:200 г;
(Характеристики товара (Продукты))Код товара:00000000671";"Отборный мягкий изюм сохранил свою сочность благодаря добавлению полезного хлопкового масла. Помимо большого содержания калия, изюм славится своим успокаивающим действием на организм. В его состав входит никотиновая кислота, регулирующая нервную деятельность. Отлично сочетается с курагой и черносливом в выпечке и компотах, мюсли и йогуртах, а также в качестве любопытного дополнения мяса птицы, кускуса, булгура или киноа.";;
"Продукты/Бакалея/Орехи, семечки, сухофрукты";"Продукты/Бакалея/Орехи, семечки, сухофрукты";1;180018;;" ";"SEEBERGER клюква в сахаре мягкая 125 г";"SEEBERGER";"/storage/photo/original/e/seeberger-klyukva-v-sahare-myagkaya-125-g.jpg";"(Характеристики товара (Продукты))Тип товара:Фрукты сушеные;
(Характеристики товара (Продукты))Бренд:SEEBERGER;
(Характеристики товара (Продукты))Страна происхождения:Канада;
(Характеристики товара (Продукты))EAN:4008258296004;
(Характеристики товара (Продукты))Вес:125 г;
(Характеристики товара (Продукты))Код товара:00000003463";"Сочная клюква, подслащенная сахаром, становится еще вкуснее. Seeberger отбирает только определенные сорта канадской клюквы, которые неторопливо высушиваются при средней температуре. Такая сушеная клюква обладает сладким вкусом и насыщенным ароматом.<br />
<br />
Состав: Клюква, сахар, подсолнечное масло";;
"Продукты/Бакалея/Орехи, семечки, сухофрукты";"Продукты/Бакалея/Орехи, семечки, сухофрукты";1;180019;;" ";"SEEBERGER изюм из темного винограда 200 г";"SEEBERGER";"/storage/photo/original/e/seeberger-izyum-iz-temnogo-vinograda-200-g.jpg";"(Характеристики товара (Продукты))Тип товара:Изюм;
(Характеристики товара (Продукты))Бренд:SEEBERGER;
(Характеристики товара (Продукты))Страна происхождения:ЮЖНАЯ АФРИКА;
(Характеристики товара (Продукты))EAN:4008258161012;
(Характеристики товара (Продукты))Вес:200 г;
(Характеристики товара (Продукты))Код товара:CB-00000458";"Сушеные ягоды крупного темного винограда отличаются насыщенным сладким вкусом. Помимо большого содержания калия, изюм славится своим успокаивающим действием на организм. В его состав входит никотиновая кислота, регулирующая нервную деятельность. Лакомство можно употреблять, как самостоятельное блюдо, а также добавлять в каши, йогурты, салаты и выпечку.";;
"Продукты/Бакалея/Орехи, семечки, сухофрукты";"Продукты/Бакалея/Орехи, семечки, сухофрукты";1;180020;;" ";"SEEBERGER орех грецкий 150 г";"SEEBERGER";"/storage/photo/original/e/seeberger-oreh-greckij-150-g.jpg";"(Характеристики товара (Продукты))Тип товара:Орехи;
(Характеристики товара (Продукты))Бренд:SEEBERGER;
(Характеристики товара (Продукты))Страна происхождения:ЧИЛИ;
(Характеристики товара (Продукты))EAN:4008258130018;
(Характеристики товара (Продукты))Вес:150 г;
(Характеристики товара (Продукты))Код товара:00000000409";"Очищенные грецкие орехи отличаются приятным, слегка терпким вкусом. Их можно добавлять в каши и мюсли. Так же отличной идеей будет украсить грецкими орехами выпечку. Возьмите орехи с собой на учебу или работу в качестве перекуса! Грецкие орехи содержат большое количество витамина Е, который помогает при профилактике проблем с сердем.";;
"Продукты/Бакалея/Орехи, семечки, сухофрукты";"Продукты/Бакалея/Орехи, семечки, сухофрукты";1;180021;;" ";"SEEBERGER орехи кешью 200 г";"SEEBERGER";"/storage/photo/original/e/seeberger-orehi-keshyu-200-g.jpg";"(Характеристики товара (Продукты))Тип товара:Орехи;
(Характеристики товара (Продукты))Бренд:SEEBERGER;
(Характеристики товара (Продукты))Страна происхождения:ИНДИЯ;
(Характеристики товара (Продукты))EAN:4008258107010;
(Характеристики товара (Продукты))Вес:200 г;
(Характеристики товара (Продукты))Код товара:00000000408";"Отборные орехи кешью в удобной упаковке отличаются нежным, сливочным вкусом. Орехи кешью обладают нежным, сливочным вкусом. В кулинарии их используют как самостоятельную закуску, а также для приготовления салатов, супов, мясных и рыбных блюд, кондитерских изделий. Орешки кешью — вкусный и полезный способ перекусить! Добавляйте орешки в кашу, выпечку, к йогуртам и творогу. Покрошите орешки и смешайте с медом, чтобы получить оригинальную начинку для десерта!";;
"Продукты/Кофе, чай, какао, цикорий/Чай";"Продукты/Кофе, чай, какао, цикорий/Чай";1;180022;;" ";"TESS чай Ginger Mojito зеленый  в пирамидках 20 шт";"TESS";"/storage/photo/original/e/tess-chaj-ginger-mojito-zelenij-v-piramidkah-20-sht.jpg";"(Характеристики товара (Продукты))Тип товара:Чай пакетированный;
(Характеристики товара (Продукты))Бренд:TESS;
(Характеристики товара (Продукты))Страна происхождения:РОССИЯ;
(Характеристики товара (Продукты))EAN:4605246007880;
(Характеристики товара (Продукты))Количество:20 шт;
(Характеристики товара (Продукты))Код товара:00000003445";"<br><p>Насыщенная пряность душистой мяты и горьковатая кислинка лимонной цедры в Tess Ginger Mojito великолепно оттеняют тонкие терпкие ноты зеленого чая, создавая удивительно легкий и свежий вкусовой букет.
</p><br><br>ОСОБЕННОСТИ ПРОДУКТА:";;
"Продукты/Кофе, чай, какао, цикорий/Кофе";"Продукты/Кофе, чай, какао, цикорий/Кофе";1;180023;;" ";"PAULIG кофе в зернах Arabica 250 г";"PAULIG";"/storage/photo/original/e/paulig-kofe-v-zernah-arabica-250-g.jpg";"(Характеристики товара (Продукты))Тип товара:Кофе зерновой;
(Характеристики товара (Продукты))Бренд:PAULIG;
(Характеристики товара (Продукты))Страна происхождения:-;
(Характеристики товара (Продукты))EAN:6411300166107;
(Характеристики товара (Продукты))Вес:250 г;
(Характеристики товара (Продукты))Код товара:CB-00011397";"Превосходный бленд зерен южноамериканской арабики, который создан экспертами Paulig и является наиболее популярным и узнаваемым у этой финской марки. Притом, что финны пьют кофе больше всех в мире: 4-5 чашек в день. По данным статистики средне-статический финн потребляет больше 10 кг кофе в год. <br>
100% южноамериканской арабики средней обжарки <br>
Массовая доля кофеина в 100 мл готового кофе – не менее 0,7% <br>
<br>
Особенное сочетание сладких ноток и бархатистого вкуса бразильских сортов подарит вам истинное наслаждение. Зерна обладают яркой цитрусовой кислинкой и мягким ароматом темного шоколада. Подходит как для чёрного кофе, так и для кофейных напитков с молоком <br>
Подходит для заваривания в чашке, в турке, во френч-прессе, в фильтр-кофеварке <br>
Рекомендуется 2 чайные ложки молотого кофе (7 г) на чашку<br>
<br>
Пищевая ценность 100г сухого продукта:<br>
<br>
Белки: 13,90 г<br>
Жиры: 14,40 г<br>
Углеводы: 2,80 г";;
"Продукты/Кондитерские изделия/Печенье, пряники, вафли";"Продукты/Кондитерские изделия/Печенье, пряники, вафли";1;180024;;" ";"MILKA печенье  Sensations с кусочками шоколада 156 г";"MILKA";"/storage/photo/original/e/milka-pechene-sensations-s-kusochkami-shokolada-156-g.png";"(Характеристики товара (Продукты))Тип товара:Печенье;
(Характеристики товара (Продукты))Бренд:MILKA;
(Характеристики товара (Продукты))Страна происхождения:ПОЛЬША;
(Характеристики товара (Продукты))EAN:7622210954404;
(Характеристики товара (Продукты))Вес:156 г;
(Характеристики товара (Продукты))Код товара:CB-00044296";"<p>
MILKA Sensations — пшеничное печенье с шоколадной начинкой, покрытое хрустящей корочкой.  Дополняет этот вкуснейший ансамбль — любимый альпийский молочный шоколад Милка, кусочки которого создают окончательный штрих этого наслаждения. Для более изысканного вкуса перед тем как насладиться этим кулинарным шедевром, обязательно разогрейте лакомство в микроволновой печи: не больше 10-12 секунд при мощности 800W. </p>
<br>
Особенности Продукта:
<br>
<li>
Вкуснейший продукт
<li>
С кусочками шоколада
<li>
Хрустящее печенье
<li>
Непревзойденный вкус
<br>
Состав:
Сахар, пшеничная мука, сливочное масло, подсолнечное масло, рапсовое масло, тертое какао, сухое цельное молоко, какао-масло, пшеничный крахмал, модифицированный крахмал, лактоза, разрыхлитель (бикарбонат аммония, бикарбонат натрия, динатрия дифосфат), сухая молочная сыворотка, эмульгатор (соевый лецитин), соль, ароматизаторы, сухое обезжиренное молоко, краситель (бета-каротин), соевые волокна. Может содержать следы орехов и яиц.";;
"Продукты/Кондитерские изделия/Печенье, пряники, вафли";"Продукты/Кондитерские изделия/Печенье, пряники, вафли";1;180025;;" ";"MILKA печенье  Sensations с шоколадной начинкой 156 г";"MILKA";"/storage/photo/original/e/milka-pechene-sensations-s-shokoladnoj-nachinkoj-156-g.jpg";"(Характеристики товара (Продукты))Тип товара:Печенье;
(Характеристики товара (Продукты))Бренд:MILKA;
(Характеристики товара (Продукты))Страна происхождения:ПОЛЬША;
(Характеристики товара (Продукты))EAN:7622210954435;
(Характеристики товара (Продукты))Вес:156 г;
(Характеристики товара (Продукты))Код товара:CB-00044860";"<p>
MILKA Sensations — пшеничное печенье с шоколадной начинкой, покрытое хрустящей корочкой.  Дополняет этот вкуснейший ансамбль — любимый альпийский молочный шоколад Милка, кусочки которого создают окончательный штрих этого наслаждения. Для более изысканного вкуса перед тем как насладиться этим кулинарным шедевром, обязательно разогрейте лакомство в микроволновой печи: не больше 10-12 секунд при мощности 800W. </p>
<br>
Особенности Продукта:
<br>
<li>
Вкуснейший продукт
<li>
С кусочками шоколада
<li>
Хрустящее печенье
<li>
Непревзойденный вкус
<br>
Состав:
Сахар, пшеничная мука, сливочное масло, подсолнечное масло, рапсовое масло, тертое какао, сухое цельное молоко, какао-масло, пшеничный крахмал, модифицированный крахмал, лактоза, разрыхлитель (бикарбонат аммония, бикарбонат натрия, динатрия дифосфат), сухая молочная сыворотка, эмульгатор (соевый лецитин), соль, ароматизаторы, сухое обезжиренное молоко, краситель (бета-каротин), соевые волокна. Может содержать следы орехов и яиц.";;
"Продукты/Кондитерские изделия/Печенье, пряники, вафли";"Продукты/Кондитерские изделия/Печенье, пряники, вафли";1;180026;;" ";"MILKA печенье Choko Cow 200 г";"MILKA";"/storage/photo/original/e/milka-pechenechoko-cow-200-g.jpg";"(Характеристики товара (Продукты))Тип товара:Печенье;
(Характеристики товара (Продукты))Бренд:MILKA;
(Характеристики товара (Продукты))Страна происхождения:ПОЛЬША;
(Характеристики товара (Продукты))EAN:7622210762542;
(Характеристики товара (Продукты))Вес:200 г;
(Характеристики товара (Продукты))Код товара:CB-00024562";"MILKA CHOCO COW — печенье в форме коровы, одна сторона которой покрытая шоколадным кремом.
Упаковка маленькая, ее можно брать с собой в дорогу. Ее легко открыть сзади, а повторно закрывать не нужно — там всего лишь три печеньки, вы быстро их слопаете от голода, который просыпается от одного вида на эти заманчивые фигурки. Красивая коровка, на ней написано Милка. На оборотной стороне — тонкий слой шоколада. Это отличный вариант для школьников, которые могут утолить голод на перемене. Milka Choco Cow имеет аромат топленого молока. Хрустящее и сочное печенье подарит вам незабываемый вкус.";;
"Продукты/Кондитерские изделия/Печенье, пряники, вафли";"Продукты/Кондитерские изделия/Печенье, пряники, вафли";1;180027;;" ";"MILKA печенье Soft & Choc с начинкой 175 г";"MILKA";"/storage/photo/original/e/milka-pechenesoft-choc-s-nachinkoj-175-g.jpg";"(Характеристики товара (Продукты))Тип товара:Печенье;
(Характеристики товара (Продукты))Бренд:MILKA;
(Характеристики товара (Продукты))Страна происхождения:ПОЛЬША;
(Характеристики товара (Продукты))EAN:7622210762481;
(Характеристики товара (Продукты))Вес:175 г;
(Характеристики товара (Продукты))Код товара:CB-00024565";"Нежные и воздушные кексы Milka Cake & Choc наполнены кусочками альпийского шоколада, а в сердце у него шоколадная помадка. Этот мягкий и тонкий вкус не оставит равнодушным к себе. Испытай невероятное чувство воздушности Milka Cake & Choc, закажи бесподобную вкуснятину от Milka (Милка).
Состав
Мука, глюкозо-фруктозный сироп, растительные масла (пальмовое, рапсовое), сахар, яйца, молочный шоколад кусочки 10,2% [сахар, цельное сухое молоко, какао масса, какао масло, сухая молочная сыворотка, эмульгатор (соевый лецитин), ароматизаторы], стабилизатор (глицерин), шоколад 2,9% [какао тертое, сахар, обезжиренный порошок какао, эмульгатор (соевый лецитин), ароматизаторы], сухое обезжиренное молоко, пшеничный крахмал, цельное сухое молоко, обезжиренный какао-порошок, разрыхлитель (динатрия дифосфат, бикарбонат натрия), соль, ароматизаторы, глюкозный сироп, эмульгаторы (E472b, E475), загуститель (ксантановая камедь). Может содержать следы орехов.";;
"Продукты/Кондитерские изделия/Печенье, пряники, вафли";"Продукты/Кондитерские изделия/Печенье, пряники, вафли";1;180028;58;72;"OREO печенье  шоколад 228 г";"OREO";"/storage/photo/original/e/oreo-pechene-shokolad-228-g.jpg";"(Характеристики товара (Продукты))Код товара:CB-00024073";;;
"Продукты/Кондитерские изделия/Печенье, пряники, вафли";"Продукты/Кондитерские изделия/Печенье, пряники, вафли";1;180029;;" ";"OREO печенье  шоколад 95 г";"OREO";"/storage/photo/original/e/oreo-pechene-shokolad-95-g.jpg";"(Характеристики товара (Продукты))Код товара:CB-00024071";;;
"Продукты/Кондитерские изделия/Печенье, пряники, вафли";"Продукты/Кондитерские изделия/Печенье, пряники, вафли";1;180030;;" ";"OREO печенье  228 г";"OREO";"/storage/photo/original/e/oreo-pechene-228-g.jpg";"(Характеристики товара (Продукты))Код товара:CB-00008068";;;
"Продукты/Кондитерские изделия/Печенье, пряники, вафли";"Продукты/Кондитерские изделия/Печенье, пряники, вафли";1;180031;;" ";"ЮБИЛЕЙНОЕ печенье  С Темной Глазурью 116 г";"ЮБИЛЕЙНОЕ";"/storage/photo/original/e/yubilejnoe-pechene-s-temnoj-glazuryu-116-g.jpg";"(Характеристики товара (Продукты))Тип товара:Печенье;
(Характеристики товара (Продукты))Бренд:ЮБИЛЕЙНОЕ;
(Характеристики товара (Продукты))Страна происхождения:РОССИЯ;
(Характеристики товара (Продукты))EAN:7622210453808;
(Характеристики товара (Продукты))Вес:116 г;
(Характеристики товара (Продукты))Код товара:CB-00006832";"Юбилейное"" - торговая марка сахарного печенья, выпускаемого в России с 1913 года. Любимый вкус, знакомый с детства. Оберегая традиции марки ""Юбилейное"", Kraft Foods удалось сохранить и преумножить все лучшее, что заключает в себе этот бренд: печенье содержит натуральные ингредиенты, сохранило высокие стандарты качества и по праву называется лучшим от природы. Для того, чтобы полностью отвечать веяниям времени, в 2015 году была разработана новая более современная упаковка продукта, а также запущена новая коммуникация ""Юбилейное – твой уголок природы в городе"". В результате ""Юбилейное"" - все та же самая любимая марка печенья, как и 100 лет назад, которую знают почти 100% населения России.";;
"Продукты/Кондитерские изделия/Печенье, пряники, вафли";"Продукты/Кондитерские изделия/Печенье, пряники, вафли";1;180032;;" ";"ЮБИЛЕЙНОЕ печенье  С Глазурью молочное 116 г";"ЮБИЛЕЙНОЕ";"/storage/photo/original/e/yubilejnoe-pechene-s-glazuryu-molochnoe-116-g.jpg";"(Характеристики товара (Продукты))Тип товара:Печенье;
(Характеристики товара (Продукты))Бренд:ЮБИЛЕЙНОЕ;
(Характеристики товара (Продукты))Страна происхождения:РОССИЯ;
(Характеристики товара (Продукты))EAN:7622210453853;
(Характеристики товара (Продукты))Вес:116 г;
(Характеристики товара (Продукты))Код товара:CB-00007202";"Юбилейное"" - торговая марка сахарного печенья, выпускаемого в России с 1913 года. Любимый вкус, знакомый с детства. Оберегая традиции марки ""Юбилейное"", Kraft Foods удалось сохранить и преумножить все лучшее, что заключает в себе этот бренд: печенье содержит натуральные ингредиенты, сохранило высокие стандарты качества и по праву называется лучшим от природы. Для того, чтобы полностью отвечать веяниям времени, в 2015 году была разработана новая более современная упаковка продукта, а также запущена новая коммуникация ""Юбилейное – твой уголок природы в городе"". В результате ""Юбилейное"" - все та же самая любимая марка печенья, как и 100 лет назад, которую знают почти 100% населения России.";;
"Продукты/Кондитерские изделия/Печенье, пряники, вафли";"Продукты/Кондитерские изделия/Печенье, пряники, вафли";1;180033;;" ";"ЮБИЛЕЙНОЕ печенье  Молочное 112 г";"ЮБИЛЕЙНОЕ";"/storage/photo/original/e/yubilejnoe-pechene-molochnoe-112-g.jpg";"(Характеристики товара (Продукты))Тип товара:Печенье;
(Характеристики товара (Продукты))Бренд:ЮБИЛЕЙНОЕ;
(Характеристики товара (Продукты))Страна происхождения:РОССИЯ;
(Характеристики товара (Продукты))EAN:7622210457554;
(Характеристики товара (Продукты))Вес:112 г;
(Характеристики товара (Продукты))Код товара:CB-00006641";"Юбилейное"" - торговая марка сахарного печенья, выпускаемого в России с 1913 года. Любимый вкус, знакомый с детства. Оберегая традиции марки ""Юбилейное"", Kraft Foods удалось сохранить и преумножить все лучшее, что заключает в себе этот бренд: печенье содержит натуральные ингредиенты, сохранило высокие стандарты качества и по праву называется лучшим от природы. Для того, чтобы полностью отвечать веяниям времени, в 2015 году была разработана новая более современная упаковка продукта, а также запущена новая коммуникация ""Юбилейное – твой уголок природы в городе"". В результате ""Юбилейное"" - все та же самая любимая марка печенья, как и 100 лет назад, которую знают почти 100% населения России.";;
"Продукты/Кондитерские изделия/Печенье, пряники, вафли";"Продукты/Кондитерские изделия/Печенье, пряники, вафли";1;180034;;" ";"ЮБИЛЕЙНОЕ печенье  С Темной Глазурью ореховое 116 г";"ЮБИЛЕЙНОЕ";"/storage/photo/original/e/yubilejnoe-pechene-s-temnoj-glazuryu-orehovoe-116-g.jpg";"(Характеристики товара (Продукты))Тип товара:Печенье;
(Характеристики товара (Продукты))Бренд:ЮБИЛЕЙНОЕ;
(Характеристики товара (Продукты))Страна происхождения:РОССИЯ;
(Характеристики товара (Продукты))EAN:7622210458018;
(Характеристики товара (Продукты))Вес:116 г;
(Характеристики товара (Продукты))Код товара:CB-00007203";"Юбилейное"" - торговая марка сахарного печенья, выпускаемого в России с 1913 года. Любимый вкус, знакомый с детства. Оберегая традиции марки ""Юбилейное"", Kraft Foods удалось сохранить и преумножить все лучшее, что заключает в себе этот бренд: печенье содержит натуральные ингредиенты, сохранило высокие стандарты качества и по праву называется лучшим от природы. Для того, чтобы полностью отвечать веяниям времени, в 2015 году была разработана новая более современная упаковка продукта, а также запущена новая коммуникация ""Юбилейное – твой уголок природы в городе"". В результате ""Юбилейное"" - все та же самая любимая марка печенья, как и 100 лет назад, которую знают почти 100% населения России.";;
"Продукты/Кондитерские изделия/Печенье, пряники, вафли";"Продукты/Кондитерские изделия/Печенье, пряники, вафли";1;180035;;" ";"ЮБИЛЕЙНОЕ печенье  Традиционное 112 г";"ЮБИЛЕЙНОЕ";"/storage/photo/original/e/yubilejnoe-pechene-tradicionnoe-112-g.jpg";"(Характеристики товара (Продукты))Тип товара:Печенье;
(Характеристики товара (Продукты))Бренд:ЮБИЛЕЙНОЕ;
(Характеристики товара (Продукты))Страна происхождения:РОССИЯ;
(Характеристики товара (Продукты))EAN:7622210457745;
(Характеристики товара (Продукты))Вес:112 г;
(Характеристики товара (Продукты))Код товара:CB-00006642";"Юбилейное"" - торговая марка сахарного печенья, выпускаемого в России с 1913 года. Любимый вкус, знакомый с детства. Оберегая традиции марки ""Юбилейное"", Kraft Foods удалось сохранить и преумножить все лучшее, что заключает в себе этот бренд: печенье содержит натуральные ингредиенты, сохранило высокие стандарты качества и по праву называется лучшим от природы. Для того, чтобы полностью отвечать веяниям времени, в 2015 году была разработана новая более современная упаковка продукта, а также запущена новая коммуникация ""Юбилейное – твой уголок природы в городе"". В результате ""Юбилейное"" - все та же самая любимая марка печенья, как и 100 лет назад, которую знают почти 100% населения России.";;
"Продукты/Кондитерские изделия/Печенье, пряники, вафли";"Продукты/Кондитерские изделия/Печенье, пряники, вафли";1;180036;;" ";"ЮБИЛЕЙНОЕ печенье  С Глазурью какао 116 г";"ЮБИЛЕЙНОЕ";"/storage/photo/original/e/yubilejnoe-pechene-s-glazuryu-kakao-116-g.jpg";"(Характеристики товара (Продукты))Тип товара:Печенье;
(Характеристики товара (Продукты))Бренд:ЮБИЛЕЙНОЕ;
(Характеристики товара (Продукты))Страна происхождения:РОССИЯ;
(Характеристики товара (Продукты))EAN:7622210459206;
(Характеристики товара (Продукты))Вес:116 г;
(Характеристики товара (Продукты))Код товара:CB-00007204";"Юбилейное"" - торговая марка сахарного печенья, выпускаемого в России с 1913 года. Любимый вкус, знакомый с детства. Оберегая традиции марки ""Юбилейное"", Kraft Foods удалось сохранить и преумножить все лучшее, что заключает в себе этот бренд: печенье содержит натуральные ингредиенты, сохранило высокие стандарты качества и по праву называется лучшим от природы. Для того, чтобы полностью отвечать веяниям времени, в 2015 году была разработана новая более современная упаковка продукта, а также запущена новая коммуникация ""Юбилейное – твой уголок природы в городе"". В результате ""Юбилейное"" - все та же самая любимая марка печенья, как и 100 лет назад, которую знают почти 100% населения России.";;
"Продукты/Кондитерские изделия/Печенье, пряники, вафли";"Продукты/Кондитерские изделия/Печенье, пряники, вафли";1;180037;;" ";"ЮБИЛЕЙНОЕ печенье  С Кусочками Клюквы 112 г";"ЮБИЛЕЙНОЕ";"/storage/photo/original/e/yubilejnoe-pechene-s-kusochkami-klyukvi-112-g.jpg";"(Характеристики товара (Продукты))Тип товара:Печенье;
(Характеристики товара (Продукты))Бренд:ЮБИЛЕЙНОЕ;
(Характеристики товара (Продукты))Страна происхождения:РОССИЯ;
(Характеристики товара (Продукты))EAN:7622210505521;
(Характеристики товара (Продукты))Вес:112 г;
(Характеристики товара (Продукты))Код товара:CB-00013716";"Юбилейное"" - торговая марка сахарного печенья, выпускаемого в России с 1913 года. Любимый вкус, знакомый с детства. Оберегая традиции марки ""Юбилейное"", Kraft Foods удалось сохранить и преумножить все лучшее, что заключает в себе этот бренд: печенье содержит натуральные ингредиенты, сохранило высокие стандарты качества и по праву называется лучшим от природы. Для того, чтобы полностью отвечать веяниям времени, в 2015 году была разработана новая более современная упаковка продукта, а также запущена новая коммуникация ""Юбилейное – твой уголок природы в городе"". В результате ""Юбилейное"" - все та же самая любимая марка печенья, как и 100 лет назад, которую знают почти 100% населения России.";;
"Продукты/Кондитерские изделия/Круассаны, пирожные, рулеты";"Продукты/Кондитерские изделия/Круассаны, пирожные, рулеты";1;180038;;" ";"7 DAYS круассан CHIPICAO  мини Драконы 50 г";"7 DAYS";"/storage/photo/original/e/7-days-kruassan-chipicao-mini-drakoni-50-g.jpg";"(Характеристики товара (Продукты))Тип товара:Круассаны;
(Характеристики товара (Продукты))Бренд:7 DAYS;
(Характеристики товара (Продукты))Страна происхождения:РОССИЯ;
(Характеристики товара (Продукты))EAN:5201360565207;
(Характеристики товара (Продукты))Вес:50 г;
(Характеристики товара (Продукты))Код товара:CB-00045680";"<p>
Круассан 7 Days CHIPICAO- идеальное сочетание еды и веселья! Chipicao - это круассаны и коллекционный подарок с любимыми героями в каждой упаковке.</p>
<br>
Состав:
Тесто: мука пшеничная хлебопекарная высшего сорта, маргарин (пальмовое масло, вода питьевая, соль поваренная пищевая, эмульгатор (моно - и диглицериды жирных кислот), регулятор кислотности (лимонная кислота), консервант (сорбат калия 0,1%), вода питьевая, сахар, глюкозный сироп, дрожжи хлебопекарные прессованные, стабилизатор (моно - и диглицериды жирных кислот), соль поваренная пищевая, ароматизатор, молокосодержащий продукт (молочный белок, стабилизатор (ксантановая камедь), эмульгатор (рапсовый лецитин), регулятор кислотности (лимонная кислота), консервант (пропионат кальция 0,1%). Крем какао 23%: сахар, пальмовое масло, вода питьевая, обезжиренный какао порошок 7%, молоко сухое обезжиренное, спирт этиловый ректификованный из пищевого сырья ""Люкс"" крепость 96,3% об., эмульгатор (моно - и диглицериды жирных кислот), ароматизатор, загуститель (альгинат натрия), консервант (сорбат калия 0,1%).";;
"Продукты/Консервированная продукция/Овощи, грибы консервированные";"Продукты/Консервированная продукция/Овощи, грибы консервированные";1;180039;;" ";"ПОМИДОРКА  лечо  480 мл";"ПОМИДОРКА";"/storage/photo/original/e/pomidorka-lecho-480-ml.jpg";"(Характеристики товара (Продукты))Тип товара:Лечо;
(Характеристики товара (Продукты))Бренд:ПОМИДОРКА;
(Характеристики товара (Продукты))Страна происхождения:РОССИЯ;
(Характеристики товара (Продукты))EAN:4607035893421;
(Характеристики товара (Продукты))Объем:480 мл;
(Характеристики товара (Продукты))Код товара:CB-00026831";"<br><p>Лечо ""Помидорка""- отборный желтый перец, нарезанный крупными кусочками, залитый густой натуральной томатной заливой.
Состав: Перец сладкий, томатное пюре, сахар, соль,пряности, специи.
</p><br><br>ОСОБЕННОСТИ ПРОДУКТА:";;
"Продукты/Супы, соусы и специи/Кетчупы, соусы";"Продукты/Супы, соусы и специи/Кетчупы, соусы";1;180040;;" ";"HEINZ кетчуп Томатный 0,35 кг";"HEINZ";"/storage/photo/original/e/heinz-ketchup-tomatnij-035-kg.jpg";"(Характеристики товара (Продукты))Тип товара:Кетчуп;
(Характеристики товара (Продукты))Бренд:HEINZ;
(Характеристики товара (Продукты))Страна происхождения:РОССИЯ;
(Характеристики товара (Продукты))EAN:4601674008642;
(Характеристики товара (Продукты))Вес:350 г;
(Характеристики товара (Продукты))Код товара:CB-00004885";"Кетчуп Heinz - самый знаменитый кетчуп в мире. Он выпускается уже 140 лет и остается неизменно популярным благодаря высочайшему качеству натуральных ингредиентов, густой консистенции и насыщенному вкусу томатов.<br />
<br />
В состав кетчупа Heinz входят только натуральные ингредиенты: томаты, соль, сахар, натуральный уксус и специи. Heinz не содержит и не будет содержать красителей, консервантов и крахмала.";;
"Продукты/Супы, соусы и специи/Кетчупы, соусы";"Продукты/Супы, соусы и специи/Кетчупы, соусы";1;180041;;" ";"HEINZ кетчуп Томатный 0,57 кг";"HEINZ";"/storage/photo/original/e/heinz-ketchup-tomatnij-057-kg.jpg";"(Характеристики товара (Продукты))Тип товара:Кетчуп;
(Характеристики товара (Продукты))Бренд:HEINZ;
(Характеристики товара (Продукты))Страна происхождения:РОССИЯ;
(Характеристики товара (Продукты))EAN:4601674008536;
(Характеристики товара (Продукты))Вес:570 г;
(Характеристики товара (Продукты))Код товара:CB-00004884";"Кетчуп Heinz - самый знаменитый кетчуп в мире. Он выпускается уже 140 лет и остается неизменно популярным благодаря высочайшему качеству натуральных ингредиентов, густой консистенции и насыщенному вкусу томатов.<br />
<br />
В состав кетчупа Heinz входят только натуральные ингредиенты: томаты, соль, сахар, натуральный уксус и специи. Heinz не содержит и не будет содержать красителей, консервантов и крахмала.";;
"Продукты/Супы, соусы и специи/Кетчупы, соусы";"Продукты/Супы, соусы и специи/Кетчупы, соусы";1;180042;;" ";"HEINZ кетчуп Томатный перевернутый 0,57 кг";"HEINZ";"/storage/photo/original/e/heinz-ketchup-tomatnij-perevernutij-057-kg.jpg";"(Характеристики товара (Продукты))Тип товара:Кетчуп;
(Характеристики товара (Продукты))Бренд:HEINZ;
(Характеристики товара (Продукты))Страна происхождения:РОССИЯ;
(Характеристики товара (Продукты))EAN:8715700017006;
(Характеристики товара (Продукты))Вес:570 г;
(Характеристики товара (Продукты))Код товара:CB-00006502";"Кетчуп Heinz - самый знаменитый кетчуп в мире. Он выпускается уже 140 лет и остается неизменно популярным благодаря высочайшему качеству натуральных ингредиентов, густой консистенции и насыщенному вкусу томатов.<br />
<br />
В состав кетчупа Heinz входят только натуральные ингредиенты: томаты, соль, сахар, натуральный уксус и специи. Heinz не содержит и не будет содержать красителей, консервантов и крахмала.";;
"Косметика и Уход/Уход за ногами/Маски, скрабы, носочки для ног";"Косметика и Уход/Уход за ногами/Маски, скрабы, носочки для ног";1;570235;;" ";"SALTON парафиновые носочки для ног Feet Only Lady с маслом кокоса и оливы";"SALTON";"/storage/photo/original/e/salton-parafinovie-nosochki-dlya-nogfeet-only-lady-s-maslom-kokosa-i-olivi.jpg";"(Характеристики товара (Косметика и уход))Тип товара:Для ног;
(Характеристики товара (Косметика и уход))Бренд:SALTON;
(Характеристики товара (Косметика и уход))Серия:Feet Only;
(Характеристики товара (Косметика и уход))Страна происхождения:Китай;
(Характеристики товара (Косметика и уход))EAN:4640016743254;
(Характеристики товара (Косметика и уход))Количество:1 компл;
(Характеристики товара (Косметика и уход))Код товара:CB-00038974";"Предназначено для ухода за кожей стоп, увлажнения и смягчения, активизации кровообращения и снятия усталости стоп. Входящие в состав масла кокоса и оливы предохраняют кожу от обезвоживания, сухости и шелушения, обеспечивая ухоженный вид надолго.";;
"Косметика и Уход/Уход за волосами/Масла, сыворотки и элексиры";"Косметика и Уход/Уход за волосами/Масла, сыворотки и элексиры";1;570236;;" ";"DOVE спрей-объем для волос  Advanced Hair Series Легкость Кислорода 150 мл";"DOVE";"/storage/photo/original/e/dove-sprej-obem-dlya-volos-advanced-hair-series-legkost-kisloroda-150-ml.jpg";"(Характеристики товара (Косметика и уход))Тип товара:Спрей для волос;
(Характеристики товара (Косметика и уход))Бренд:DOVE;
(Характеристики товара (Косметика и уход))Страна происхождения:Германия;
(Характеристики товара (Косметика и уход))EAN:8710908094651;
(Характеристики товара (Косметика и уход))Объем:150 мл;
(Характеристики товара (Косметика и уход))Код товара:CB-00041132";"<p>
Спрей-Объем для волос DOVE Легкость Кислорода предназначен для тонких, поврежденных волос. Ежедневная сушка феном и горячая укладка делают волосы еще более сухими, а спреи для придания объема утяжеляют их, склеивая и лишая ощущения свежести. Однако, спрей с легкой текстурой может великолепно справиться с задачей и придать Вашим волосам желаемый объем, одновременно увлажняя их. Спрей для прикорневого объема DOVE Легкость кислорода действует именно там, где волосы быстро теряют свой объем - у корней. Он приподнимает волосы, придавая им дополнительный объем и форму. Вдохните жизнь в поврежденные волосы вместе с DOVE Легкость кислорода!
</p>
<br>
Особенности Продукта:
<br>
<li>
Для всех типов волос
<li>
Придает волосам моментальный объем от самых корней
<li>
Содержит технологию Oxyfusion, которая питает и восстанавливает тонкие, поврежденные волосы <li>
Входящие в состав увлажняющие компоненты придают волосам до 95% дополнительного объема
<li>
Может быть использован как для укладки, так и для увлажнения и придания объема волосам
<br>
Состав:
Aqua, Glycerin, Acrylic Acid/VP Crosspolymer, Benzophenone-4, Citric Acid, Coceth-7, Disodium EDTA, Gluconolactone, Iodopropynyl Butylcarbamate, Lactic Acid, Laureth-7, Menthol, Parfum, PEG/PPG-25/25 Dimethicone, PEG-10 Dimethicone, PEG-4 Dilaurate, PEG-4 Laurate, PEG-4, PEG-40 Hydrogenated Castor Oil, Phenoxyethanol, Polysorbate 20, PPG-1-PEG-9 Lauryl Glycol Ether, Sodium Benzoate, Sodium Hydroxide, Sodium Sulfate, Trehalose, Amyl Cinnamal, Benzyl Alcohol, Benzyl Salicylate, Butylphenyl Methylpropional, Citronellol, Geraniol, Hexyl Cinnamal, Limonene, Linalool.";;
"Косметика и Уход/Уход за волосами/Маски";"Косметика и Уход/Уход за волосами/Маски";1;570237;306;382;"GLISS KUR маска для волос Экстремальное Восстановление  300 мл";"GLISS KUR";"/storage/photo/original/e/gliss-kur-maska-dlya-volos-ekstremalnoe-vosstanovlenie-300-ml.jpg";"(Характеристики товара (Косметика и уход))Тип товара:Маски для волос;
(Характеристики товара (Косметика и уход))Бренд:GLISS KUR;
(Характеристики товара (Косметика и уход))Страна происхождения:Словакия;
(Характеристики товара (Косметика и уход))EAN:4015100191486;
(Характеристики товара (Косметика и уход))Объем:300 мл;
(Характеристики товара (Косметика и уход))Код товара:CB-00037331";"<p>
Маска для волос GLISS KUR Экстремальное Восстановление разработан специально для ухода за сильно поврежденными сухими волосами. Это красота, защита, увлажнение и здоровый вид в одном флаконе. Благодаря формуле с тройной концентрацией жидких кератинов легко проникает вовнутрь волоса сквозь разрушенные места, помогая им восстановиться и укрепиться. Так, поврежденные длинные волосы уже не придется обстригать, ведь им помогут кератиновые молекулы. Кератин полезен и для вьющихся волос, он выравнивает их, благодаря чему локоны становятся ухоженными и сияющими. Ваши волосы станут более упругими и блестящими. </p>
<br>
Особенности Продукта:
<br>
<li>
Для поврежденных волос
<li>
Для волос любого типа
<li>
Интенсивный уход
<li>
Увлажнение и питание
<li>
Упругость и блеск
<li>
Кератиновое восстановление
<br>
Состав:
Аqua, cetearyl alcohol, isopropyl myristate, behentrimonium chloride, distearoylethyl hydroxyethylmonium methosulfate,  stearamidopropyl dimethylamine, guar hydroxypropyltrimonium chloride,  cetrimonium chloride,  cocodimonium hydroxypropyl hydrolyzed keratin, hydrolyzed keratin, panthenol, cetyl palmitate,  dimethicone,  phenoxyethanol, citric acid, isopropyl alcohol, methylparaben, parfum,  hexyl cinnamal, linalool, limonene, potassium sorbate.
<br>";;
"Косметика и Уход/Уход за волосами/Маски";"Косметика и Уход/Уход за волосами/Маски";1;570238;;" ";"FRESHLIGHT  маска для волос с экстрактом цветка Магнолии для девочек 300 мл";"FRESHLIGHT";"/storage/photo/original/e/freshlight-maska-dlya-volos-s-ekstraktom-cvetka-magnolii-dlya-devochek-300-ml.jpg";"(Характеристики товара (Косметика и уход))Тип товара:Маска для волос;
(Характеристики товара (Косметика и уход))Бренд:FRESHLIGHT;
(Характеристики товара (Косметика и уход))Страна происхождения:Словения;
(Характеристики товара (Косметика и уход))EAN:4015100206142;
(Характеристики товара (Косметика и уход))Объем:300 мл;
(Характеристики товара (Косметика и уход))Код товара:CB-00039325";"<p>
Маска для волос премиального бренда FRESHLIGHT вобрала в себя лучшие веяния японской культуры. Привлекательный дизайн упаковки с известной коллекционной японской куклой Blythe, волшебный аромат и ухаживающая формула с натуральными экстрактами магнолии, сделает ваши волосы такими же ухоженными, как у обожаемых героинь японской культуры. Входящий в состав кератин восстанавливает волосы изнутри, а экстракт магнолии укрепляет их, делая сильнее с каждым применением. Легкие цитрусовые оттенки бергамота, дополненные нежным ароматом розовой орхидеи и жасмина, не оставят равнодушной ни одну модницу.
</p>
<br>
Особенности Продукта:
<br>
<li>
Приятный и нежный аромат
<li>
Мягкая кремовая консистенция
<li>
Равномерное нанесение
<li>
Рекомендован к использованию с 6 лет
<li>
Дерматологически протестирован
<br>
Состав:
Aqua, Cetearyl Alcohol, Isopropyl Myristate, Behentrimonium Chloride, Distearoylethyl Hydroxyethyl monium Methosulfate, Stearamidopropyl Dimethylamine, Cetyl Palmitate, Dimethicone, Citric Acid, Isopropyl Alcohol, Parfum, Cetrimonium Chloride, Propylene Glycol, Panthenol, Guar Hy droxypropyltrimonium Chloride, Hydrolyzed Keratin, Amodimethi cone/Morpholinomethyl Silsesquioxane Copolymer, Trideceth-5, Magnolia Liliflora Flower Extract, Phenoxyethanol, Methylparaben, Limonene, Linalool, Butylphenyl Methylpropional, Hexyl Cinnamal.";;
"Косметика и Уход/Уход за волосами/Маски";"Косметика и Уход/Уход за волосами/Маски";1;570239;;" ";"BLONDME маска для волос Tone Enhancing бондинг-маска  для поддержания холодных оттенков 200 мл";"BLONDME";"/storage/photo/original/e/blondme-maska-dlya-volos-tone-enhancing-bonding-maska-dlya-podderzhaniya-holodnih-ottenkov-200-ml.jpg";"(Характеристики товара (Косметика и уход))Тип товара:Маски для волос;
(Характеристики товара (Косметика и уход))Бренд:BLONDME;
(Характеристики товара (Косметика и уход))Страна происхождения:Словакия;
(Характеристики товара (Косметика и уход))EAN:4045787369977;
(Характеристики товара (Косметика и уход))Объем:200 мл;
(Характеристики товара (Косметика и уход))Код товара:CB-00029889";"<br><p>Невесомая восстанавливающая Бондинг - Маска с тонирующим эффектом, усиливает холодное направление тона. Преимущества: Восстанавливает внутреннюю структуру хрупких, осветленных и окрашенных волос, не перегружая их. Создает новые бонды внутри структуры. Распутывает пористые волосы, облегчает расчесывание. Поддерживает и освежает холодное направление тона на волосах. Нейтрализует проявляющиеся теплые оттенки. Подчеркивает красоту волос. Применение: Нанесите равномерно на влажные волосы. Оставьте для воздействия на 5-10 минут (визуально контролируйте процесс тонирования). Тщательно смойте. Совет: Для достижения максимального результата используйте в комплексе с Бондинг - Шампунем и Спреем - Кондиционером BlondMe для поддержания холодных оттенков блонд или комбинируйте с Бондинг - Шампунем и Бондинг - Кондиционерм BlondMe ""Кератиновое Восстановление"". Перед применением внимательно ознакомьтесь с инструкцией на упаковке продукта.</p><br><br>ОСОБЕННОСТИ ПРОДУКТА:";;
"Косметика и Уход/Уход за волосами/Маски";"Косметика и Уход/Уход за волосами/Маски";1;570240;;" ";"BONACURE маска для волос PH 4.5 Color Freeze  для окрашенных волос 750 мл";"BONACURE";"/storage/photo/original/e/bonacure-maska-dlya-volos-ph-4.5-color-freeze-dlya-okrashennih-volos-750-ml.jpg";"(Характеристики товара (Косметика и уход))Тип товара:Маски для волос;
(Характеристики товара (Косметика и уход))Бренд:BONACURE;
(Характеристики товара (Косметика и уход))Страна происхождения:ГЕРМАНИЯ;
(Характеристики товара (Косметика и уход))EAN:4045787426465;
(Характеристики товара (Косметика и уход))Объем:750 мл;
(Характеристики товара (Косметика и уход))Код товара:CB-00035413";"<br><p>Линия BONACURE COLOR FREEZE pH4.5 создана для окрашенных и мелировнных волос. Запатентованная Технология Стабилизации уровня pH 4.5 не только выравнивает поверхность волос, но и фиксирует цветовые пигменты глубоко внутри волосяного матрикса для поддержания абсолютного результата окрашивания. Интенсивная восстанавливающая кремовая Маска для окрашенных волос. Защищает цвет от потускнения. Интенсивная ухаживающая маска содержит гидролизированный кератин, который заполняет структурные разрывы от кортекса до внешнего слоя волос, улучшая эластичность окрашенных волос. Кондиционирует и разглаживает поверхность волос. Придает сверкающий блеск. Дополнительная информация: Уровень ухода ""4"", уровень pH 3.0 – 4.0</p><br><br>ОСОБЕННОСТИ ПРОДУКТА:";;
"Косметика и Уход/Уход за волосами/Шампуни";"Косметика и Уход/Уход за волосами/Шампуни";1;570241;;" ";"FRESHLIGHT  шампунь для волос с экстрактом цветка Магнолии для девочек 300 мл";"FRESHLIGHT";"/storage/photo/original/e/freshlight-shampun-dlya-volos-s-ekstraktom-cvetka-magnolii-dlya-devochek-300-ml.jpg";"(Характеристики товара (Косметика и уход))Тип товара:Шампунь;
(Характеристики товара (Косметика и уход))Бренд:FRESHLIGHT;
(Характеристики товара (Косметика и уход))Для кого:Для детей;
(Характеристики товара (Косметика и уход))Страна происхождения:Германия;
(Характеристики товара (Косметика и уход))EAN:4015100206111;
(Характеристики товара (Косметика и уход))Объем:300 мл;
(Характеристики товара (Косметика и уход))Код товара:CB-00039321";"<p>
Шампунь для волос премиального бренда FRESHLIGHT вобрала в себя лучшие веяния японской культуры. Привлекательный дизайн упаковки с известной коллекционной японской куклой Blythe, волшебный аромат и ухаживающая формула с натуральными экстрактами магнолии, сделает ваши волосы такими же ухоженными, как у обожаемых героинь японской культуры. Входящий в состав кератин восстанавливает волосы изнутри, а экстракт магнолии укрепляет их, делая сильнее с каждым применением. Легкие цитрусовые оттенки бергамота, дополненные нежным ароматом розовой орхидеи и жасмина, не оставят равнодушной ни одну модницу.
</p>
<br>
Особенности Продукта:
<br>
<li>
Приятный и нежный аромат
<li>
Мягкая кремовая консистенция
<li>
Равномерное нанесение
<li>
Рекомендован к использованию с 6 лет
<li>
Дерматологически протестирован
<br>
Состав:
Aqua, Sodium Laureth Sulfate, Cocamidopropyl Betaine, Sodium Chloride, Disodium Cocoamphodiacetate, Parfum, Citric Acid, Cocamide MEA, Dimethi cone, PEG-7 Glyceryl Cocoate, Glycol Distearate, Hydrogenated Castor Oil, Guar Hydroxypropyltrimonium Chloride, Propylene Glycol, Laureth-4, Panthenol, Hydrolyzed Keratin, Laureth-23, Magnolia Liliflora Flower Extract, Sodium Benzoate, Limonene, Linalool, Butylphenyl Methylpropional, Hexyl Cinnamal, Benzyl Salicylate, CI 17200, CI 42090.";;
"Косметика и Уход/Уход за волосами/Шампуни";"Косметика и Уход/Уход за волосами/Шампуни";1;570242;213;266;"GLISS KUR шампунь Магическое Укрепление  400 мл";"GLISS KUR";"/storage/photo/original/e/gliss-kur-shampun-magicheskoe-ukreplenie-400-ml.jpg";"(Характеристики товара (Косметика и уход))Тип товара:Шампунь;
(Характеристики товара (Косметика и уход))Бренд:GLISS KUR;
(Характеристики товара (Косметика и уход))Для кого:Для взрослых;
(Характеристики товара (Косметика и уход))Страна происхождения:РОССИЯ;
(Характеристики товара (Косметика и уход))EAN:4015100009538;
(Характеристики товара (Косметика и уход))Объем:400 мл;
(Характеристики товара (Косметика и уход))Код товара:CB-00037297";"<p>
Шампунь для волос GLISS KUR  Магическое Укрепление разработан специально для ухода за ослабленными и истощенными волосами.  Тройное действие формулы основано на трех протеинах, которые проникают в проблемные участки и мгновенно укрепляют их по всей длине. Протеин-это уникальный компонент, который преодолевает слои дермы и сохраняет живительную влагу в структуре локонов, бережно обволакивает тончайшей защитной пленочкой, делает волосы неуязвимыми перед агрессивными средствами укладки и солнечным ультрафиолетом. В результате волосы становятся сильнее и более устойчивыми к повреждениям. </p>
<br>
Особенности Продукта:
<br>
<li>
Для ослабленных и истощенных волос
<li>
Мгновенное укрепление
<li>
Придает здоровый блеск и сияние
<li>
Защита от повреждений
<li>
Магия красивых волос
<li>
Для регулярного применения
<br>
Состав:
Aqua, Sodium Laureth Sulfate, Sodium Chloride, Cocamidopropyl Betaine, Hydrolyzed Keratin, Panthenol, Cocodimonium Hydroxypropyl Hydrolyzed Keratin, Simmondsia Chinensis Seed Oil, Disodium Cocoamphodiacetate, Sodium Benzoate, Citric Acid, Parfum, Cocamide MEA, Dimethicone, PEG-7 Glyceryl Cocoate, Guar Hydroxypropyltrimonium Chloride, PEG-40 Hydrogenated Castor Oil, Hydrogenated Castor Oil, Mica, Linalool, Propylene Glycol, Laureth-4,  Laureth-23, Benzyl Salicylate, CI 77891, CI 16255, CI 15985.
<br>";;
"Косметика и Уход/Уход за волосами/Шампуни";"Косметика и Уход/Уход за волосами/Шампуни";1;570243;252;315;"SYOSS Men шампунь Clean&Cool  для мужчин 500 мл";"SYOSS";"/storage/photo/original/e/syoss-men-shampun-cleancool-dlya-muzhchin-500-ml.jpg";"(Характеристики товара (Косметика и уход))Тип товара:Шампунь;
(Характеристики товара (Косметика и уход))Бренд:SYOSS;
(Характеристики товара (Косметика и уход))Для кого:Для мужчин;
(Характеристики товара (Косметика и уход))Страна происхождения:РОССИЯ;
(Характеристики товара (Косметика и уход))EAN:4015100198492;
(Характеристики товара (Косметика и уход))Объем:500 мл;
(Характеристики товара (Косметика и уход))Код товара:CB-00040871";"<p>
Шампунь для волос SYOSS Men Clean&Cool предназначен специально для ухода за мужскими волосами, разработан с учетом особенностей структуры их волос. Отлично укрепляет и наполняет волосы жизненной силой. Добавляет необходимый объем и делает пряди более густыми и блестящими. Мягко очищает волосы, наполняет их необходимой энергией. Шампунь обеспечивает прекрасный уход за мужской шевелюрой и дарит уверенность. </p>
<br>
Особенности продукта:
<br>
<li>
Для нормальных волос
<li>
Для мужчин
<li>
С ментолом
<li>
Мягко очищает и ухаживает за волосами
<li>
Дарит ощущение чистоты и свежести до следующего мытья волос
<li>
Высокоэффективная формула укрепляет волосы
<li>
Наполняет волосы силой и объемом
<br>
Состав:
Aqua, Sodium Laureth Sulfatе, Cocamidopropyl Betaine, Sodium Chloride, PEG-7 Glyceryl Cocoate, Hydrolyzed Keratin, Nymphaea Alba Root Extract, Panthenol, Macadamia Ternifolia Seed Oil, Disodium Cocoamphodiacetate, Cocamide MEA, Glycol Distearate, Sodium Benzoate, Citric Acid, Laureth-4, PEG-40 Hydrogenated Castor Oil, Parfum, Hydrogenated Castor Oil, Propylene Glycol, PEG-120 Methyl Glucose Dioleate, Polyquaternium-10, Hexyl Cinnamal, Mica, Glycerin, Sorbitol, Benzyl Salicylate, Linalool, CI 77891.
<br>";;
"Косметика и Уход/Уход за волосами/Шампуни";"Косметика и Уход/Уход за волосами/Шампуни";1;570244;;" ";"СОЛНЦЕ И ЛУНА  шампунь детский для мальчиков Тачки 200 мл";"СОЛНЦЕ И ЛУНА";"/storage/photo/original/e/solnce-i-luna-shampun-detskij-dlya-malchikov-tachki-200-ml.jpg";"(Характеристики товара (Косметика и уход))Тип товара:Шампунь;
(Характеристики товара (Косметика и уход))Бренд:СОЛНЦЕ И ЛУНА;
(Характеристики товара (Косметика и уход))Страна происхождения:РОССИЯ;
(Характеристики товара (Косметика и уход))EAN:4751023299266;
(Характеристики товара (Косметика и уход))Объем:200 мл;
(Характеристики товара (Косметика и уход))Код товара:CB-00028744";"<br><p>Бережно очищает волосы подросшего непоседы и придает им естественный блеск. Мягкий состав способствует облегчению расчесывания и поддерживает нейтральный рН-баланс кожи. Яркий ароматы кока-колы сделает купание веселее.</p><br><br>ОСОБЕННОСТИ ПРОДУКТА:";;
"Косметика и Уход/Уход за волосами/Шампуни";"Косметика и Уход/Уход за волосами/Шампуни";1;570245;;" ";"BONACURE шампунь PH 4.5 Color Freeze мицеллярный  бессульфатный для окрашенных волос 250 мл";"BONACURE";"/storage/photo/original/e/bonacure-shampun-ph-4.5-color-freeze-micellyarnij-bessulfatnij-dlya-okrashennih-volos-250-ml.jpg";"(Характеристики товара (Косметика и уход))Тип товара:Шампунь;
(Характеристики товара (Косметика и уход))Бренд:BONACURE;
(Характеристики товара (Косметика и уход))Страна происхождения:ГЕРМАНИЯ;
(Характеристики товара (Косметика и уход))EAN:4045787428773;
(Характеристики товара (Косметика и уход))Объем:250 мл;
(Характеристики товара (Косметика и уход))Код товара:CB-00035402";"<br><p>Для ухода за окрашенными волосами и сохранения яркого цвета Schwarzkopf Professional предлагает мицеллярный шампунь BC pH 4.5 Color Freeze Sulfate-Free Micellar Shampoo. Бессульфатная формула и нейтральный уровень кислотности превращает обычное мытье в профессиональную процедуру. Обволакивающая каждый волос пена мягко удаляет любые загрязнения, при этом стабилизирует пигменты и закрепляет их в толще тканей. Состав нормализует pH кожи, разглаживает поверхность волос, придает прядям здоровый блеск и эластичность.</p><br><br>ОСОБЕННОСТИ ПРОДУКТА:";;
"Косметика и Уход/Уход за волосами/Шампуни";"Косметика и Уход/Уход за волосами/Шампуни";1;570246;;" ";"BEOLOGY шампунь Deep Sea Extract Anti-Frizz  для непослушных волос 400 мл";"BEOLOGY";"/storage/photo/original/e/beology-shampun-deep-sea-extract-anti-frizz-dlya-neposlushnih-volos-400-ml.jpg";"(Характеристики товара (Косметика и уход))Тип товара:Шампунь;
(Характеристики товара (Косметика и уход))Бренд:BEOLOGY;
(Характеристики товара (Косметика и уход))Страна происхождения:Германия;
(Характеристики товара (Косметика и уход))EAN:4015100203257;
(Характеристики товара (Косметика и уход))Объем:400 мл;
(Характеристики товара (Косметика и уход))Код товара:CB-00036159";"<br><p>Испытайте силу морской стихии и возродите волосы изнутри с beology от Schwarzkopf. Beology – премиум-система восстановления красоты для ваших волос. В основе beology лежит поэтапная система возрождения красоты, экспертно подобранная для разного типа волос, а также инновационные формулы с редкими премиальными компонентам.</p><br><br>ОСОБЕННОСТИ ПРОДУКТА:<li>Береженое очищение волос и кожи головы </li><li>Дисциплина непослушных волос, без пушения и электризации</li><li>Чувственная текстура и тонкий люксовый аромат </li><li>Для эффективного результата используйте шампунь beology в комплексе с бальзамом (Фаза 2), маской (Фаза 3) и спреем-термозащита (Фаза 4).</li>";;
"Косметика и Уход/Уход за волосами/Шампуни";"Косметика и Уход/Уход за волосами/Шампуни";1;570247;;" ";"ЧИСТАЯ ЛИНИЯ Шампунь Пшеница и отвар Льна для Тонких и ослабленных волос  400 мл";"ЧИСТАЯ ЛИНИЯ";"/storage/photo/original/e/chistaya-liniya-shampun-pshenica-i-otvar-lna-dlya-tonkih-i-oslablennih-volos-400-ml.jpg";"(Характеристики товара (Косметика и уход))Тип товара:Шампунь;
(Характеристики товара (Косметика и уход))Бренд:ЧИСТАЯ ЛИНИЯ;
(Характеристики товара (Косметика и уход))Страна происхождения:РОССИЯ;
(Характеристики товара (Косметика и уход))EAN:4600702082005;
(Характеристики товара (Косметика и уход))Объем:400 мл;
(Характеристики товара (Косметика и уход))Код товара:CB-00035973";"<br><p>Шампуни и Бальзамы ЧИСТАЯ ЛИНИЯ со знаком ЭКОконтроль гарантируют экологическую чистоту и пользу входящих трав.
Травы в составе продуктов ЧИСТАЯ ЛИНИЯ имеют паспорт качества и проходят многоступенчатый контроль экологической чистоты. ЧИСТАЯ ЛИНИЯ гарантирует эффективность: следит за соблюдением уровня активных веществ, использует только самые эффективные части растений, занимается клиническими исследованиями отвара трав.
Шампунь “Объем и сила” с экстрактом пшеницы и отваров льна интенсивно увлажняет и питает кожу головы. Активные натуральные компоненты средства ухаживают и восстанавливают волосы, образуют невидимый каркас вокруг каждого волоса, поддерживающий объем от корней без утяжеления. Применение: Небольшое количество нанесите на влажные волосы, вспеньте, смойте водой.</p><br><br>ОСОБЕННОСТИ ПРОДУКТА:<li>Красивый и здоровый внешний вид волос</li><li>Объем от самых корней</li>";;
"Косметика и Уход/Уход за волосами/Шампуни";"Косметика и Уход/Уход за волосами/Шампуни";1;570248;;" ";"TIMOTEI Шампунь женский  Интенсивное восстановление 400 мл";"TIMOTEI";"/storage/photo/original/e/timotei-shampun-zhenskij-intensivnoe-vosstanovlenie-400-ml.jpg";"(Характеристики товара (Косметика и уход))Тип товара:Шампунь;
(Характеристики товара (Косметика и уход))Бренд:TIMOTEI;
(Характеристики товара (Косметика и уход))Страна происхождения:РОССИЯ;
(Характеристики товара (Косметика и уход))EAN:8718114406787;
(Характеристики товара (Косметика и уход))Объем:400 мл;
(Характеристики товара (Косметика и уход))Код товара:CB-00038530";"<br><p>Шампунь Timotei Интенсивное восстановление позволяет восстановить поверхность поврежденных волос, даря 100% ухода от корней до кончиков.
Шампунь Timotei содержит инновационный комплекс Botanik-З - специально подобранное сочетание:
- 100% натуральных ингредиентов (экстракт, масла);
- витаминов В5‚ С, Е;
- ухаживающих компонентов.
Благодаря комплексу Botanik-З формула Timotei содержит еще больше питательных компонентов для жизненной силы и превосходного внешнего вида Ваших волос.
Формула, обогащенная натуральными маслами авокадо и ореха макадамии, а также экстрактом фисташки, помогает восстановить сухую и поврежденную поверхность волос и придать волосам ухоженный вид и шелковистость.
Для дополнительного укрепления волос используйте бальзам-ополаскиватель Timotei Интенсивное восстановление.</p><br><br>ОСОБЕННОСТИ ПРОДУКТА:<li>Для сухих и поврежденных волос</li><li>Восстанавливает поверхность поврежденных волос</li>";;
"Косметика и Уход/Уход за волосами/Шампуни";"Косметика и Уход/Уход за волосами/Шампуни";1;570249;;" ";"ЧИСТАЯ ЛИНИЯ Шампунь-бальзам 2в1 Мягкий Мицеллярный  для частого мытья 400 мл";"ЧИСТАЯ ЛИНИЯ";"/storage/photo/original/e/chistaya-liniya-shampun-balzam-2v1-myagkij-micellyarnij-dlya-chastogo-mitya-400-ml.jpg";"(Характеристики товара (Косметика и уход))Тип товара:Шампунь;
(Характеристики товара (Косметика и уход))Бренд:ЧИСТАЯ ЛИНИЯ;
(Характеристики товара (Косметика и уход))Страна происхождения:РОССИЯ;
(Характеристики товара (Косметика и уход))EAN:4600702044782;
(Характеристики товара (Косметика и уход))Объем:400 мл;
(Характеристики товара (Косметика и уход))Код товара:CB-00038334";"<br><p>Первый мицеллярный шампунь-бальзам 2в1 очищает волосы, а натуральные компоненты в его составе активно ухаживают за ними:
Мицеллярная основа бережно очищает
Хлопковое молочко ухаживает за волосами, смягчает и облегчает расчесывание
80% отвара целебных трав наполняет волосы блеском и силой.
Благодаря низкосульфатной формуле мицеллярный шампунь Чистая линия не раздражает чувствительную кожу головы и подходит для ежедневного применения.</p><br><br>ОСОБЕННОСТИ ПРОДУКТА:<li>Без силиконов</li><li>Придает мягкость и свежесть надолго</li><li>Бережное очищение волос без сухости</li>";;
"Косметика и Уход/Уход за волосами/Шампуни";"Косметика и Уход/Уход за волосами/Шампуни";1;570250;;" ";"ЧИСТАЯ ЛИНИЯ  Шампунь ФИТОБАНЯ для Всех типов волос 400 мл";"ЧИСТАЯ ЛИНИЯ";"/storage/photo/original/e/chistaya-liniya-shampun-fitobanya-dlya-vseh-tipov-volos-400-ml.jpg";"(Характеристики товара (Косметика и уход))Тип товара:Шампунь;
(Характеристики товара (Косметика и уход))Бренд:ЧИСТАЯ ЛИНИЯ;
(Характеристики товара (Косметика и уход))Страна происхождения:РОССИЯ;
(Характеристики товара (Косметика и уход))EAN:4600702098877;
(Характеристики товара (Косметика и уход))Объем:400 мл;
(Характеристики товара (Косметика и уход))Код товара:CB-00038342";"<br><p>Шампунь Фитобаня интенсивно восстанавливает и увлажняет все типы волос, активизирует обменные процессы в коже головы. Активные натуральные компоненты обеспечивают питание от корней, делая волосы блестящими и мягкими.
Доказано: при использовании шампуня совместно с бальзамом эффективность возрастает в 3 раза!
Идеально подходит для всей семьи! Применение: Нанесите шампунь на мокрые волосы, массируйте, тщательно смойте.</p><br><br>ОСОБЕННОСТИ ПРОДУКТА:<li>Детоксикация клеток кожи головы</li><li>Интенсивное питание корней волос</li><li>Восстановленные, мягкие и блестящие волосы</li><li>Рекомендовано для детей от 3х лет</li>";;
"Косметика и Уход/Уход за волосами/Шампуни";"Косметика и Уход/Уход за волосами/Шампуни";1;570251;;" ";"ЧИСТАЯ ЛИНИЯ Шампунь-кондиционер и гель для душа 3 в 1  Энергия и чистота для мужчин 400 мл";"ЧИСТАЯ ЛИНИЯ";"/storage/photo/original/e/chistaya-liniya-shampun-kondicioner-i-gel-dlya-dusha-3-v-1-energiya-i-chistota-dlya-muzhchin-400-ml.jpg";"(Характеристики товара (Косметика и уход))Тип товара:Шампунь;
(Характеристики товара (Косметика и уход))Бренд:ЧИСТАЯ ЛИНИЯ;
(Характеристики товара (Косметика и уход))Для кого:Для мужчин;
(Характеристики товара (Косметика и уход))Страна происхождения:РОССИЯ;
(Характеристики товара (Косметика и уход))EAN:8714100726624;
(Характеристики товара (Косметика и уход))Объем:400 мл;
(Характеристики товара (Косметика и уход))Код товара:CB-00038345";"<br><p>Сила природы дарит свой заряд мужчинам! Уникальный состав компонентов, основанный на отваре трав обеспечивает комплексный уход. Чистая Линия FOR MEN Энергия и чистота разработала исключительно свежий подход к уходу за телом и волосами мужчин! Свежесть мяты и терпкость хмеля собраны в комплексном уходе 3 в 1: шампунь, кондиционер и гель для душа! Цени свое время – заботься о себе! Применение: Нанесите шампунь на мокрые волосы, массируйте, тщательно смойте.</p><br><br>ОСОБЕННОСТИ ПРОДУКТА:<li>Комплексный уход за кожей тела и волосами</li>";;
"Косметика и Уход/Уход за волосами/Шампуни";"Косметика и Уход/Уход за волосами/Шампуни";1;570252;;" ";"ЧИСТАЯ ЛИНИЯ Шампунь-бальзам 2в1 Мягкий Мицеллярный  для частого мытья 250 мл";"ЧИСТАЯ ЛИНИЯ";"/storage/photo/original/e/chistaya-liniya-shampun-balzam-2v1-myagkij-micellyarnij-dlya-chastogo-mitya-250-ml.jpg";"(Характеристики товара (Косметика и уход))Тип товара:Шампунь;
(Характеристики товара (Косметика и уход))Бренд:ЧИСТАЯ ЛИНИЯ;
(Характеристики товара (Косметика и уход))Страна происхождения:РОССИЯ;
(Характеристики товара (Косметика и уход))EAN:4600702081589;
(Характеристики товара (Косметика и уход))Объем:250 мл;
(Характеристики товара (Косметика и уход))Код товара:CB-00040660";"<br><p>Первый мицеллярный шампунь-бальзам 2в1 очищает волосы, а натуральные компоненты в его составе активно ухаживают за ними:
Мицеллярная основа бережно очищает
Хлопковое молочко ухаживает за волосами, смягчает и облегчает расчесывание
80% отвара целебных трав наполняет волосы блеском и силой.
Благодаря низкосульфатной формуле мицеллярный шампунь Чистая линия не раздражает чувствительную кожу головы и подходит для ежедневного применения.</p><br><br>ОСОБЕННОСТИ ПРОДУКТА:<li>Без силиконов</li><li>Придает мягкость и свежесть надолго</li><li>Бережное очищение волос без сухости</li>";;
"Косметика и Уход/Уход за волосами/Шампуни";"Косметика и Уход/Уход за волосами/Шампуни";1;570253;;" ";"MEN DEEP EFFECT 3 шампунь Активатор Роста с Аргинином  250 мл";"MEN DEEP EFFECT 3";"/storage/photo/original/e/men-deep-effect-3-shampun-aktivator-rosta-s-argininom-250-ml.jpg";"(Характеристики товара (Косметика и уход))Тип товара:Шампунь;
(Характеристики товара (Косметика и уход))Бренд:MEN DEEP EFFECT 3;
(Характеристики товара (Косметика и уход))Страна происхождения:РОССИЯ;
(Характеристики товара (Косметика и уход))EAN:4015001012781;
(Характеристики товара (Косметика и уход))Объем:250 мл;
(Характеристики товара (Косметика и уход))Код товара:CB-00037147";"<br><p>Особый шампунь с тройным действием для 100% здорового вида волос. Работает одновременно на трех уровнях: волосы, кожа, корни. Шампунь специально для тонких волос, склонных к выпадению. Мощная формула против выпадения с аргинином активирует рост волос. 100% мужской шампунь! - До 80% меньше выпадения, вызванного ломкостью - Стимуляция корней за 5 секунд - Активация роста волос
</p><br><br>ОСОБЕННОСТИ ПРОДУКТА:";;
"Косметика и Уход/Уход за волосами/Шампуни";"Косметика и Уход/Уход за волосами/Шампуни";1;570254;;" ";"BIONI пенка-шампунь детская для купания Нежная 150 мл";"BIONI";"/storage/photo/original/e/bioni-penka-shampun-detskaya-dlya-kupaniya-nezhnaya-150-ml.jpg";"(Характеристики товара (Косметика и уход))Тип товара:Шампунь;
(Характеристики товара (Косметика и уход))Бренд:BIONI;
(Характеристики товара (Косметика и уход))Страна происхождения:РОССИЯ;
(Характеристики товара (Косметика и уход))EAN:4600104034190;
(Характеристики товара (Косметика и уход))Объем:150 мл;
(Характеристики товара (Косметика и уход))Код товара:CB-00044171";"<br><p>Детская пенка-шампунь для купания Bioni разработана специально для мягких детских волос и чувствительной кожи головы и тела. Нежная пенка бережно очищает волосы и кожу малыша. Формула «БЕЗ СЛЕЗ» не причинит беспокойства при случайном попадании в глаза.
В состав шампуня входят натуральные компоненты – Д-пантенол и экстракт ромашки – они оказывают дополнительное увлажняющее и успокаивающее воздействие на кожу.
Имеет гипоаллергенный состав, подходит для ухода с первых дней жизни, а также для детей и взрослых с чувствительной и склонной к аллергии кожей.
Рецептура пенки Bioni разработана совместно с концерном BASF Personal Care с соблюдением всех требований к косметическим продуктам, действующим на территории ЕС.
Bioni с любовью и заботой о малыше и маме!</p><br><br>ОСОБЕННОСТИ ПРОДУКТА:";;
"Косметика и Уход/Уход за волосами/Шампуни";"Косметика и Уход/Уход за волосами/Шампуни";1;570255;139;174;"SCHAUMA Men шампунь Intensive  Сила Кофеина Против Перхоти 380 мл";"SCHAUMA";"/storage/photo/original/e/schauma-men-shampun-intensive-sila-kofeina-protiv-perhoti-380-ml.jpg";"(Характеристики товара (Косметика и уход))Тип товара:Шампунь;
(Характеристики товара (Косметика и уход))Бренд:SCHAUMA;
(Характеристики товара (Косметика и уход))Для кого:Для мужчин;
(Характеристики товара (Косметика и уход))Страна происхождения:РОССИЯ;
(Характеристики товара (Косметика и уход))EAN:4015100195040;
(Характеристики товара (Косметика и уход))Объем:380 мл;
(Характеристики товара (Косметика и уход))Код товара:CB-00037406";"<p>
Шампунь SCHAUMA Men  Intensive  Сила Кофеина предназначен для мужчин. Относится к линейке средств против перхоти для волос от SCHAUMA. Перхоть создает множество проблем: голова даже после мытья выглядит неухоженной, приходится постоянно отряхивать верхнюю часть одежды, настроение прогнозируемо портится. Как правило перхоть может быть симптомом дефицита цинка в организме. Один из наиболее результативных способов восполнить нехватку данного элемента это применение средств по уходу за волосами и кожей головы на основе цинка. В состав шампуня входит пиритион цинка, который уже после первого применения устраняет шелушение кожи головы и оздоравливает ее. Волосы заметно становятся более ухоженными, пропадает жирный блеск и характерный запах. </p>
<br>
<br>
Особенности Продукта:
<br>
<li>
Для тонких волос, склонных к перхоти
<li>
Борется с перхотью с первого применения
<li>
Ухаживает за волосами
<li>
Успокаивает зуд и раздражение кожи головы
<li>
С пиритионом цинка и экстрактом лемонграсса
<li>
Без силиконов
<br>
Состав:
Aqua, Sodium Laureth Sulfate, Sodium Chloride, Cocamidopropyl Betaine, PEG-7 Glyceryl Cocoate, Hydrolyzed Keratin, Glycine, Panthenol, Zinc Pyrithione, Prunus Amygdalus Dulcis Oil, Disodium Cocoamphodiacetate, Sodium Benzoate, Polyquaternium-10, Cocamide MEA, Citric Acid, Hydrogenated Castor Oil, Parfum, Sodium Polynaphthalenesulfonate, Phenoxyethanol, Propylene Glycol.";;
"Косметика и Уход/Уход за волосами/Шампуни";"Косметика и Уход/Уход за волосами/Шампуни";1;570256;139;174;"SCHAUMA  шампунь Энергия Природы Свежая крапива и Зеленое яблоко 400 мл";"SCHAUMA";"/storage/photo/original/e/schauma-shampun-energiya-prirodi-svezhaya-krapiva-i-zelenoe-yabloko-400-ml_3885.jpg";"(Характеристики товара (Косметика и уход))Тип товара:Шампунь;
(Характеристики товара (Косметика и уход))Бренд:SCHAUMA;
(Характеристики товара (Косметика и уход))Для кого:Для взрослых;
(Характеристики товара (Косметика и уход))Страна происхождения:РОССИЯ;
(Характеристики товара (Косметика и уход))EAN:4015100193121;
(Характеристики товара (Косметика и уход))Объем:400 мл;
(Характеристики товара (Косметика и уход))Код товара:CB-00039593";"<p>
Шампунь SCHAUMA Свежая крапива и Зеленое яблоко относится к натуральной серии Энергия природы. Разработан для всех типов волос и содержит в своем составе экстракты 100% природного происхождения. Крапива является натуральным источником здоровой силы, содержит комплекс мультивитаминов. Зеленое Яблоко богато питательными веществами и минералами. Формула со свежим ароматом тщательно очищает и освежает, делает волосы мягкими и гладкими. Эффективность формулы Schauma Энергия Природы подтверждена дерматологами – мягкая формула без силиконов и искусственных красителей бережно ухаживает за волосами и заботится о коже головы. Возрождает естественную упругость, мягкость и блеск от корней до кончиков. </p>
<br>
Особенности Продукта:
<br>
<li>
Для всех типов волос
<li>
Мягкая формула бережно очищает и заботится о волосах
<li>
С натуральными экстрактами облепихи и зеленого яблока
<li>
Без силиконов
<li>
Без отдушек
<br>
Состав:
Aqua, Sodium Laureth Sulfate, Cocamidopropyl Betaine, Sodium Chloride, HydrolyzedKeratin, Glycine , Panthenol, Olea Europaea Fruit Oil, Aloe Barbadensis Leaf Extract, Disodium Cocoamphodiacetate, Citric Acid, Sodium Benzoate, Polyquaternium-10, Cocamide MEA, PEG-7 Glyceryl Cocoate, Parfum, PEG-120 Methyl Glucose Dioleate, PEG-40 Hydrogenated Castor Oil, Propylene Glycol.";;
"Косметика и Уход/Уход за волосами/Шампуни";"Косметика и Уход/Уход за волосами/Шампуни";1;570257;;" ";"LE PETIT MARSEILLAIS Гель-шампунь Кедр и минералы мужской  250 мл";"LE PETIT MARSEILLAIS";"/storage/photo/original/e/le-petit-marseillais-gel-shampun-kedr-i-minerali-muzhskoj-250-ml.jpg";"(Характеристики товара (Косметика и уход))Тип товара:Шампунь;
(Характеристики товара (Косметика и уход))Бренд:LE PETIT MARSEILLAIS;
(Характеристики товара (Косметика и уход))Для кого:Для мужчин;
(Характеристики товара (Косметика и уход))Назначение:Регулярный уход;
(Характеристики товара (Косметика и уход))Страна происхождения:РОССИЯ;
(Характеристики товара (Косметика и уход))EAN:3574661190365;
(Характеристики товара (Косметика и уход))Объем:250 мл;
(Характеристики товара (Косметика и уход))Код товара:CB-00007842";"<!-- Гель-шампунь LE PETIT MARSEILLAIS Мята и лайм мужской -->
<br>
<p>Густой шампунь для всех типов волос, отлично пенится и очищает волосы, увлажняет волосы и кожу головы. Подходит для ежедневного использования.</p>
ОСОБЕННОСТИ ПРОДУКТА:
<li>Для регулярного ухода
<li>Для всех типов волос
<li>Мужской аромат
<li>Увлажняет
<br>
<br>
Состав: Aqua, Sodium Laureth Sulfate, Glycerin, Cocamidopropyl Betaine, Decyl Glucoside, Sucrose Cocoate, Cedrus Libani Bark Extract, Magnesium Sulfate, Zinc Gluconate, Cocamide MEA, Coco-Glucoside, Polysorbate 20, Glyceryl Oleate, Hydrogenated Palm Glycerides Citrate, Butylene Glycol, Polyquaternium-10, Polyquaternium-7, Sodium Chloride, Citric Acid, Sodium Benzoate, Parfum, Linalool, Butylphenyl Methylpropional, Coumarin, Alpha-Isomethyl Ionone.";;
"Товары для дома/Полезные мелочи/Полезные мелочи";"Товары для дома/Полезные мелочи/Полезные мелочи";1;250209;;" ";"ФОТОН Удлинитель сетевой с заземлением  16-33Е, 3 розетки, 3м, 16А";"ФОТОН";"/storage/photo/original/e/foton-udlinitel-setevoj-s-zazemleniem-16-33e-3-rozetki-3m-16a.jpg";"(Характеристики товара (Товары для дома))Тип товара:Удлинитель сетевой;
(Характеристики товара (Товары для дома))Бренд:ФОТОН;
(Характеристики товара (Товары для дома))Страна происхождения:Китай;
(Характеристики товара (Товары для дома))EAN:4607007011303;
(Характеристики товара (Товары для дома))Количество:1 шт;
(Характеристики товара (Товары для дома))Код товара:00000039308";"<br><p>Удлинитель с заземлением. Контактная группа - латунь. Корпус изготовлен из термоустойчивого ударопрочного пластика. Количество розеток - 3.Длина провода - 3 м. Тип провода - ПВС 3х1,0 мм2. Номинальный ток – max 16 А. Мощность – 4000 Вт </p><br><br>ОСОБЕННОСТИ ПРОДУКТА:";;
"Товары для дома/Все для пикника/Уголь";"Товары для дома/Все для пикника/Уголь";1;250210;;" ";"СОЮЗГРИЛЬ  Уголь Рекордсмен 20 л";"СОЮЗГРИЛЬ";"/storage/photo/original/e/soyuzgril-ugol-rekordsmen-20-l.jpg";"(Характеристики товара (Товары для дома))Тип товара:Уголь;
(Характеристики товара (Товары для дома))Бренд:СОЮЗГРИЛЬ;
(Характеристики товара (Товары для дома))Страна происхождения:РОССИЯ;
(Характеристики товара (Товары для дома))EAN:4650055991813;
(Характеристики товара (Товары для дома))Объем:20 л;
(Характеристики товара (Товары для дома))Код товара:CB-00034585";"<br><p>Березовый уголь для мангала позволит приготовить вкусное блюдо без особых усилий. Именно данное топливо заслуженно считается одним из самых экономичных. Высокий показатель теплоотдачи позволяет существенно сократить его расход. Разжигается он буквально от первых искр, именно поэтому многие решают приобрести именно березовый уголь для мангала, собираясь на природу или ""шашлычную"" поездку на дачу. Благодаря равномерному горению и способности длительное время сохранить жар, блюдо прожаривается со всех сторон не пригорая к шампурам или решетке-гриль. Приготовленная пища отличается не только незабываемым вкусом, но и своеобразным ароматом березового дыма. Кроме всего, древесный уголь не содержит опасных веществ, поэтому заслуженно считается одним из лучших в классе горючих веществ для приготовления блюд на костре. </p><br><br>ОСОБЕННОСТИ ПРОДУКТА:<li>Удобная для хранения и транспортировки упаковка</li><li>Обладает высокой теплоотдачей</li>";;
"Зоотовары/Товары для кошек/Корма для кошек";"Зоотовары/Товары для кошек/Корма для кошек";1;620580;;" ";"PERFECT FIT Sensitive Сухой корм с индейкой  для взрослых кошек с чувствительным пищеварением 2,5кг";"PERFECT FIT";"/storage/photo/original/e/perfect-fit-sensitive-suhoj-korm-s-indejkoj-dlya-vzroslih-koshek-s-chuvstvitelnim-pishevareniem-25kg.png";"(Характеристики товара (Зоотовары))Тип товара:Сухой корм для кошек;
(Характеристики товара (Зоотовары))Бренд:PERFECT FIT;
(Характеристики товара (Зоотоварыа))Страна происхождения:РОССИЯ;
(Характеристики товара (Зоотовары))EAN:4607065736408;
(Характеристики товара (Зоотовары))Код товара:CB-00048246";"<p>""Perfect Fit"" - рацион, адаптированный специально для кошек с особенностями пищеварения. Он содержит пребиотики, способствующие поддержанию здоровой микрофлоры кишечника, и не содержит пшеницы и сои, которые могут вызвать дискомфорт в желудке кошки. Вашу кошку следует кормить кормом комнатной температуры.</p><br>";"УЮТ игрушки для кошек Дразнилка Перья зелено-оранжевые 40 см;BRIT Care Cat Snack Superfruits Kitten 100 г;УЮТ игрушки для кошек Дразнилка Катушка сизаль 40 см";"ЧИСТЮЛЯ Легкая салфетки для уборки Шерсть и Волосы из микрофибры для пола  1 шт;PI-PI-BENT наполнитель для кошачьего туалета Классик комкующийся 5 кг;PERFECT FIT Sensitive Сухой корм с индейкой  для взрослых кошек с чувствительным пищеварением 2,5кг"
