"Фотографии";"Короткое название";"Артикул";"Бренд";"Цена_Розничная";"Цена_Зачеркнутая";"Цена_Трансазия";"Характеристики";"Описание товара";"Категории";"Основная категория";"Показывать товар"
"/storage/photo/original/h/chappi-suhoj-korm-dlya-sobak-myasnoe-izobilie-06-kg.jpg;
/storage/photo/original/h/chappi-suhoj-korm-dlya-sobak-myasnoe-izobilie-06-kg_4.jpg";"CHAPPI сухой корм для собак мясное изобилие 0,6 кг";620314;"CHAPPI";88;0;68;"(Характеристики товара (Зоотовары))Тип товара:Сухой корм для собак;
(Характеристики товара (Зоотовары))Серия:Сытный мясной обед;
(Характеристики товара (Зоотовары))Страна происхождения:РОССИЯ;
(Характеристики товара (Зоотовары))EAN:5000160000000;
(Характеристики товара (Зоотовары))Вес:600 г;
(Характеристики товара (Зоотовары))Возраст питомца:Взрослые;
(Характеристики товара (Зоотовары))Форма упаковки:Пакет;
(Характеристики товара (Зоотовары))Вес упаковки:600 г;
(Характеристики товара (Зоотовары))";"<p>Полнорационный сухой корм Chappi сытный мясной обед ""Мясное изобилие"" разработан специально для ежедневного питания, подходит для всех пород собак. В составе продукта имеется мясо, крапива и ромашка, масла и жиры, позволяющие вашему питомцу выглядеть здоровым и счастливым. Содержит натуральные и полезные ингредиенты - приправу из овощей и трав. Поможет сохранить вашему животному прекрасную форму. Мозволяет обеспечить сбалансированным питанием вашего домашнего любимца.
Полнорационный сухой корм для взрослых собак всех пород.
Новое вкусное меню от Чаппи станет любимой едой вашей собаки. Выбирая полноценное сбалансированное питание Чаппи для Вашего любимца, вы можете быть уверены в том, что каждый день ваша собака будет довольной, игривой и здоровой.
Вкусно и Полезно!
-Для силы и Энергии в течение дня - Мясо.
-Для отличного пищеварения - Овощи, Травы, Злаки.
-Для блестящей шерсти и здоровой кожи - Масла и Жиры.
-Для крепких зубов и костей - Кальций.
-Для защиты здоровья - Витамины.
-Для поддержания собаки в оптимальной форме - Минералы.
-Не содержит Искусственных ароматизаторов, Искусственных усилителей вкуса.Состав: Злаки, мясо, субпродукты, белковые растительные экстракты, жиры животного происхождения, морковь, люцерна, растительные масла, минеральные вещества, витамины.Пищевая ценность: Пищевая ценность (100 г):
белок 18г, жир 10г, клетчатка 7г, влажность не более 10г, зола 7г, кальций 0,8г, фосфор 0,6г витамин А-500 МЕ,витамин D-50 ME,витамин Е-8 мг, а также витамины В2, В12, пантотеновая и никотиновая кислоты.
Энергетическая ценность (на 100 г): 350 ккал
</p>";"Зоотовары/Товары для собак/Корма для собак";"Зоотовары/Товары для собак/Корма для собак";1
"/storage/photo/original/h/chappi-suhoj-korm-dlya-sobak-s-govyadinoj-06-kg.jpg;
/storage/photo/original/h/chappi-suhoj-korm-dlya-sobak-s-govyadinoj-06-kg_8.jpg";"CHAPPI сухой корм для собак с говядиной 0,6 кг";620313;"CHAPPI";88;0;68;"(Характеристики товара (Зоотовары))Тип товара:Сухой корм для собак;
(Характеристики товара (Зоотовары))Серия:Сытный мясной обед;
(Характеристики товара (Зоотовары))Страна происхождения:РОССИЯ;
(Характеристики товара (Зоотовары))EAN:5000160000000;
(Характеристики товара (Зоотовары))Вес:600 г;
(Характеристики товара (Зоотовары))Возраст питомца:Взрослые;
(Характеристики товара (Зоотовары))Форма упаковки:Пакет;
(Характеристики товара (Зоотовары))Вес упаковки:600 г;
(Характеристики товара (Зоотовары))";"<p>Полнорационный сухой корм для взрослых собак всех пород.
Новое вкусное меню от Чаппи станет любимой едой вашей собаки. Выбирая полноценное сбалансированное питание Чаппи для Вашего любимца, вы можете быть уверены в том, что каждый день ваша собака будет довольной, игривой и здоровой.
Вкусно и Полезно!
- Для силы и Энергии в течение дня - Мясо.
- Для отличного пищеварения - Овощи, Травы, Злаки.
- Для блестящей шерсти и здоровой кожи - Масла и Жиры.
- Для крепких зубов и костей - Кальций.
- Для защиты здоровья - Витамины.
- Для поддержания собаки в оптимальной форме - Минералы.
- Не содержит Искусственных ароматизаторов, Искусственных усилителей вкуса.Состав: Злаки, мясо и субпродукты, белковые растительные экстракты, жиры животного происхождения, морковь, люцерна, растительные масла, минеральные вещества, витамины.Пищевая ценность: Пищевая ценность (100 г):
белок 18г, жир 10г, клетчатка 7г, влажность не более 10г, зола 7г, кальций 0,8г, фосфор 0,6г витамин А-500 МЕ,витамин D-50 ME,витамин Е-8 мг, а также витамины В2, В12, пантотеновая и никотиновая кислоты.
Энергетическая ценность (на 100 г): 350 ккал
</p>";"Зоотовары/Товары для собак/Корма для собак";"Зоотовары/Товары для собак/Корма для собак";1
"/storage/photo/original/h/kitekat-suhoj-korm-dlya-koshek-kurochka-appetitnaya-035-kg.jpg;
/storage/photo/original/h/kitekat-suhoj-korm-dlya-koshek-kurochka-appetitnaya-035-kg_2.jpg";"KITEKAT сухой корм для кошек Курочка аппетитная 0,35 кг";610428;"KITEKAT";72;0;48;"(Характеристики товара (Зоотовары))Тип товара:Сухой корм для кошек;
(Характеристики товара (Зоотовары))Страна происхождения:РОССИЯ;
(Характеристики товара (Зоотовары))EAN:4607070000000;
(Характеристики товара (Зоотовары))Вес:350 г;
(Характеристики товара (Зоотовары))Для кого:Для кошек;
(Характеристики товара (Зоотовары))Возраст питомца:Взрослые;
(Характеристики товара (Зоотовары))Форма упаковки:Пакет;
(Характеристики товара (Зоотовары))Вес упаковки:350 г;
(Характеристики товара (Зоотовары))";"<p>Любимая курочка – вкусный и питательный обед! Еще больше сил и энергии – это то, что нужно настоящим исследователям!
Ведь Kitekat®  – это полноценная еда, которая содержит все необходимое для вашей кошки. Kitekat®  приготовлен из таких же качественных продуктов, что вы используете дома для своих близких: мясных ингредиентов, овощей, растительного масла и круп. Kitekat  знает, как их правильно сбалансировать для поддержания энергии и здоровья вашего кота.
Состав: Злаки, мясо и субпродукты (15%, в том числе курица минимум 4%), белковые растительные экстракты, жир животный, свекольный жом, растительное масло (источник омега-6), овощи, минеральные вещества, витамины, таурин, метион.Пищевая ценность: На 100 г: белок - 28 г; жир - 10 г; зола - 9 г; клетчатка - не более 5 г; влажность - не более 10 г; кальций - 1,5 г; фосфор - 0,9 г; витамин А - 1200 МЕ, витамин D - 120 МЕ, витамин Е - 7 мг, а также витамины В1, В2, В6, В12, пантотеновая кислота, биотин, холин, ниацин, таурин, метионин.</p>";"Зоотовары/Товары для кошек/Корма для кошек";"Зоотовары/Товары для кошек/Корма для кошек";1
"/storage/photo/original/h/kitekat-suhoj-korm-dlya-koshek-kurochka-appetitnaya-08-kg.jpg;
/storage/photo/original/h/kitekat-suhoj-korm-dlya-koshek-kurochka-appetitnaya-08-kg_10.jpg";"KITEKAT сухой корм для кошек Курочка аппетитная 0,8 кг";610432;"KITEKAT";160;0;116;"(Характеристики товара (Зоотовары))Тип товара:Сухой корм для кошек;
(Характеристики товара (Зоотовары))Страна происхождения:РОССИЯ;
(Характеристики товара (Зоотовары))EAN:4607070000000;
(Характеристики товара (Зоотовары))Вес:800 г;
(Характеристики товара (Зоотовары))Для кого:Для кошек;
(Характеристики товара (Зоотовары))Возраст питомца:Взрослые;
(Характеристики товара (Зоотовары))Форма упаковки:Пакет;
(Характеристики товара (Зоотовары))Вес упаковки:800 г;
(Характеристики товара (Зоотовары))";"<p>Любимая курочка – вкусный и питательный обед! Еще больше сил и энергии – это то, что нужно настоящим исследователям!
Ведь Kitekat®  – это полноценная еда, которая содержит все необходимое для вашей кошки. Kitekat®  приготовлен из таких же качественных продуктов, что вы используете дома для своих близких: мясных ингредиентов, овощей, растительного масла и круп. Kitekat  знает, как их правильно сбалансировать для поддержания энергии и здоровья вашего кота.
Состав: Злаки, мясо и субпродукты (15%, в том числе курица минимум 4%), белковые растительные экстракты, жир животный, свекольный жом, растительное масло (источник омега-6), овощи, минеральные вещества, витамины, таурин, метион.Пищевая ценность: На 100 г: белок - 28 г; жир - 10 г; зола - 9 г; клетчатка - не более 5 г; влажность - не более 10 г; кальций - 1,5 г; фосфор - 0,9 г; витамин А - 1200 МЕ, витамин D - 120 МЕ, витамин Е - 7 мг, а также витамины В1, В2, В6, В12, пантотеновая кислота, биотин, холин, ниацин, таурин, метионин.</p>";"Зоотовары/Товары для кошек/Корма для кошек";"Зоотовары/Товары для кошек/Корма для кошек";1
"/storage/photo/original/h/kitekat-suhoj-korm-dlya-koshek-myasnoj-pir-035-kg.jpg;
/storage/photo/original/h/kitekat-suhoj-korm-dlya-koshek-myasnoj-pir-035-kg_11.jpg";"KITEKAT сухой корм для кошек Мясной пир 0,35 кг";610430;"KITEKAT";72;0;47;"(Характеристики товара (Зоотовары))Тип товара:Сухой корм для кошек;
(Характеристики товара (Зоотовары))Страна происхождения:РОССИЯ;
(Характеристики товара (Зоотовары))EAN:4607070000000;
(Характеристики товара (Зоотовары))Вес:350 г;
(Характеристики товара (Зоотовары))Для кого:Для кошек;
(Характеристики товара (Зоотовары))Возраст питомца:Взрослые;
(Характеристики товара (Зоотовары))Форма упаковки:Пакет;
(Характеристики товара (Зоотовары))Вес упаковки:350 г;
(Характеристики товара (Зоотовары))";"<p>Кажется, пора подкрепиться чем-нибудь вкусненьким! Чтобы целый день исследовать все новое и интересное в доме!
Kitekat® – это полноценная еда, которая содержит все необходимое для вашей кошки. Kitekat приготовлен из таких же качественных продуктов, что вы используете дома для своих близких: мясных ингредиентов, овощей, растительного масла и круп. Kitekat знает, как их правильно сбалансировать для поддержания энергии и здоровья вашего кота.Состав: Злаки, мясо и субпродукты (15%), белковые растительные экстракты, жир животный, свекольный жом,  растительное масло (источник омега-6), овощи, минеральные вещества, витамины, таурин, метион.Пищевая ценность: На 100 г: белок - 28 г; жир - 10 г; зола - 9 г; клетчатка - не более 5 г; влажность - не более 10 г; кальций - 1,5 г; фосфор - 0,9 г; витамин А - 1200 МЕ, витамин D - 120 МЕ, витамин Е - 7 мг, а также витамины В1, В2, В6, В12, пантотеновая кислота, биотин, холин, ниацин, таурин, метионин.</p>";"Зоотовары/Товары для кошек/Корма для кошек";"Зоотовары/Товары для кошек/Корма для кошек";1
"/storage/photo/original/h/kitekat-suhoj-korm-dlya-koshek-myasnoj-pir-08-kg.jpg;
/storage/photo/original/h/kitekat-suhoj-korm-dlya-koshek-myasnoj-pir-08-kg_12.jpg";"KITEKAT сухой корм для кошек Мясной пир 0,8 кг";610433;"KITEKAT";160;0;123;"(Характеристики товара (Зоотовары))Тип товара:Сухой корм для кошек;
(Характеристики товара (Зоотовары))Страна происхождения:РОССИЯ;
(Характеристики товара (Зоотовары))EAN:4607070000000;
(Характеристики товара (Зоотовары))Вес:800 г;
(Характеристики товара (Зоотовары))Для кого:Для кошек;
(Характеристики товара (Зоотовары))Возраст питомца:Взрослые;
(Характеристики товара (Зоотовары))Форма упаковки:Пакет;
(Характеристики товара (Зоотовары))Вес упаковки:800 г;
(Характеристики товара (Зоотовары))";"<p>Кажется, пора подкрепиться чем-нибудь вкусненьким! Чтобы целый день исследовать все новое и интересное в доме!
Kitekat® – это полноценная еда, которая содержит все необходимое для вашей кошки. Kitekat приготовлен из таких же качественных продуктов, что вы используете дома для своих близких: мясных ингредиентов, овощей, растительного масла и круп. Kitekat знает, как их правильно сбалансировать для поддержания энергии и здоровья вашего кота.Состав: Злаки, мясо и субпродукты (15%), белковые растительные экстракты, жир животный, свекольный жом,  растительное масло (источник омега-6), овощи, минеральные вещества, витамины, таурин, метион.Пищевая ценность: На 100 г: белок - 28 г; жир - 10 г; зола - 9 г; клетчатка - не более 5 г; влажность - не более 10 г; кальций - 1,5 г; фосфор - 0,9 г; витамин А - 1200 МЕ, витамин D - 120 МЕ, витамин Е - 7 мг, а также витамины В1, В2, В6, В12, пантотеновая кислота, биотин, холин, ниацин, таурин, метионин.</p>";"Зоотовары/Товары для кошек/Корма для кошек";"Зоотовары/Товары для кошек/Корма для кошек";1
"/storage/photo/original/h/kitekat-suhoj-korm-dlya-koshek-telyatinka-appetitnaya-035-kg.jpg;
/storage/photo/original/h/kitekat-suhoj-korm-dlya-koshek-telyatinka-appetitnaya-035-kg_14.jpg";"KITEKAT сухой корм для кошек Телятинка аппетитная 0,35 кг";610431;"KITEKAT";72;0;55;"(Характеристики товара (Зоотовары))Тип товара:Сухой корм для кошек;
(Характеристики товара (Зоотовары))Страна происхождения:РОССИЯ;
(Характеристики товара (Зоотовары))EAN:4607070000000;
(Характеристики товара (Зоотовары))Вес:350 г;
(Характеристики товара (Зоотовары))Для кого:Для кошек;
(Характеристики товара (Зоотовары))Возраст питомца:Взрослые;
(Характеристики товара (Зоотовары))Форма упаковки:Пакет;
(Характеристики товара (Зоотовары))Вес упаковки:350 г;
(Характеристики товара (Зоотовары))";"<p>Питательный корм на каждый день. Такой обед всегда вдохновляет энергичных котов на увлекательные игры.
Ведь  Kitekat® – это полноценная еда, которая содержит все необходимое для вашей кошки. Kitekat приготовлен из таких же качественных продуктов, что вы используете дома для своих близких: мясных ингредиентов, овощей, растительного масла и круп. Kitekat знает, как их правильно сбалансировать для поддержания энергии и здоровья вашего кота. Состав: Злаки, мясо и субпродукты (15%), белковые растительные экстракты, жир животный, свекольный жом,  растительное масло (источник омега-6), овощи, минеральные вещества, витамины, таурин, метион.Пищевая ценность: На 100 г: белок - 28 г; жир - 10 г; зола - 9 г; клетчатка - не более 5 г; влажность - не более 10 г; кальций - 1,5 г; фосфор - 0,9г; витамин А - 1200 МЕ, витамин D - 120 МЕ, витамин Е - 7 мг, а также витамины В1, В2, В6, В12, пантотеновая кислота, биотин, холин, ниацин, таурин, метионин.</p>";"Зоотовары/Товары для кошек/Корма для кошек";"Зоотовары/Товары для кошек/Корма для кошек";1
"/storage/photo/original/h/kitekat-suhoj-korm-dlya-koshek-telyatinka-appetitnaya-08-kg.jpg;
/storage/photo/original/h/kitekat-suhoj-korm-dlya-koshek-telyatinka-appetitnaya-08-kg_16.jpg";"KITEKAT сухой корм для кошек Телятинка аппетитная 0,8 кг";610434;"KITEKAT";160;0;104;"(Характеристики товара (Зоотовары))Тип товара:Сухой корм для кошек;
(Характеристики товара (Зоотовары))Страна происхождения:РОССИЯ;
(Характеристики товара (Зоотовары))EAN:4607070000000;
(Характеристики товара (Зоотовары))Вес:800 г;
(Характеристики товара (Зоотовары))Для кого:Для кошек;
(Характеристики товара (Зоотовары))Возраст питомца:Взрослые;
(Характеристики товара (Зоотовары))Форма упаковки:Пакет;
(Характеристики товара (Зоотовары))Вес упаковки:800 г;
(Характеристики товара (Зоотовары))";"<p>Питательный корм на каждый день. Такой обед всегда вдохновляет энергичных котов на увлекательные игры.
Ведь  Kitekat® – это полноценная еда, которая содержит все необходимое для вашей кошки. Kitekat приготовлен из таких же качественных продуктов, что вы используете дома для своих близких: мясных ингредиентов, овощей, растительного масла и круп. Kitekat знает, как их правильно сбалансировать для поддержания энергии и здоровья вашего кота. Состав: Злаки, мясо и субпродукты (15%), белковые растительные экстракты, жир животный, свекольный жом,  растительное масло (источник омега-6), овощи, минеральные вещества, витамины, таурин, метион.Пищевая ценность: На 100 г: белок - 28 г; жир - 10 г; зола - 9 г; клетчатка - не более 5 г; влажность - не более 10 г; кальций - 1,5 г; фосфор - 0,9г; витамин А - 1200 МЕ, витамин D - 120 МЕ, витамин Е - 7 мг, а также витамины В1, В2, В6, В12, пантотеновая кислота, биотин, холин, ниацин, таурин, метионин.</p>";"Зоотовары/Товары для кошек/Корма для кошек";"Зоотовары/Товары для кошек/Корма для кошек";1
"/storage/photo/original/h/kitekat-suhoj-korm-dlya-koshek-ulov-ribaka-035-kg.jpg;
/storage/photo/original/h/kitekat-suhoj-korm-dlya-koshek-ulov-ribaka-035-kg_15.jpg";"KITEKAT сухой корм для кошек Улов рыбака 0,35 кг";610429;"KITEKAT";72;0;48;"(Характеристики товара (Зоотовары))Тип товара:Сухой корм для кошек;
(Характеристики товара (Зоотовары))Страна происхождения:РОССИЯ;
(Характеристики товара (Зоотовары))EAN:4607070000000;
(Характеристики товара (Зоотовары))Вес:350 г;
(Характеристики товара (Зоотовары))Для кого:Для кошек;
(Характеристики товара (Зоотовары))Возраст питомца:Взрослые;
(Характеристики товара (Зоотовары))Форма упаковки:Пакет;
(Характеристики товара (Зоотовары))Вес упаковки:350 г;
(Характеристики товара (Зоотовары))";"<p>После такого обеда ваш любимец легко сможет покорить любые вершины в доме!
А все потому, что Kitekat® – это полноценная еда, которая содержит все необходимое для вашей кошки. Kitekat® приготовлен из таких же качественных продуктов, что вы используете дома для своих близких: мясных ингредиентов, овощей, растительного масла и круп. Kitekat знает, как их правильно сбалансировать для поддержания энергии и здоровья вашего кота.
Состав: Злаки, мясо и субпродукты (15%), белковые растительные экстракты, жир животный, свекольный жом, мука рыбная, растительное масло (источник омега-6), овощи, минеральные вещества, витамины, таурин, метион.Пищевая ценность: На 100 г: белок - 28 г; жир - 10 г; зола - 9 г; клетчатка - не более 5 г; влажность - не более 10 г; кальций - 1,5 г; фосфор - 0,9 г; витамин А - 1200 МЕ, витамин D - 120 МЕ, витамин Е - 7 мг, а также витамины В1, В2, В6, В12, пантотеновая кислота, биотин, холин, ниацин, таурин, метионин.</p>";"Зоотовары/Товары для кошек/Корма для кошек";"Зоотовары/Товары для кошек/Корма для кошек";1
"/storage/photo/original/h/kurnosiki-soska-silikonovaya-bolshogo-razmera-srednij-potok-2-sht.jpg;
/storage/photo/original/h/kurnosiki-soska-silikonovaya-bolshogo-razmera-srednij-potok-2-sht_1.jpg";"КУРНОСИКИ соска силиконовая большого размера средний поток 2 шт";780158;"КУРНОСИКИ";56;0;45;"(Характеристики товара (Детские товары))Тип товара:Соска для бутылочки;
(Характеристики товара (Детские товары))EAN:4605660000000;
(Характеристики товара (Детские товары))Количество:2 шт;
(Характеристики товара (Детские товары))";"Подходит для бутылочек со стандартным горлом. Оптимальна для густого питания: каш, соков, кисломолочных продуктов.<br>
<br>
Срок годности - 4 года, срок службы - 1 месяц.<br>
<br>
Рекомендуемый возраст: 6 мес.+";"Детские товары/Товары для кормления/Бутылочки и поильники";"Детские товары/Товары для кормления/Бутылочки и поильники";1
"/storage/photo/original/h/pedigree-suhoj-korm-dlya-shenkov-vseh-porod-s-kuricej-06-kg.jpg;
/storage/photo/original/h/pedigree-suhoj-korm-dlya-shenkov-vseh-porod-s-kuricej-06-kg_32.jpg";"PEDIGREE сухой корм для щенков всех пород с курицей 0,6 кг";620329;"PEDIGREE";139;0;106;"(Характеристики товара (Зоотовары))Тип товара:Сухой корм для собак;
(Характеристики товара (Зоотовары))Серия:Vital Protection;
(Характеристики товара (Зоотовары))Страна происхождения:РОССИЯ;
(Характеристики товара (Зоотовары))EAN:4607060000000;
(Характеристики товара (Зоотовары))Вес:600 г;
(Характеристики товара (Зоотовары))Возраст питомца:Щенки;
(Характеристики товара (Зоотовары))Форма упаковки:Пакет;
(Характеристики товара (Зоотовары))Вес упаковки:600 г;
(Характеристики товара (Зоотовары))";"<p> Рацион PEDIGREE- это полезная и вкусная еда, приготовленная с учетом физиологических потребностей собак, еда, которой нужно кормить регулярно. Проведенные исследования показывают, что у собак, которых регулярно кормили PEDIGREE, улучшалось пищеварение и, как следствие, общее здоровье. </p>

ОСОБЕННОСТИ ПРОДУКТА:
<li> Оптимальный уровень кальция для укрепления зубов</li>
<li> Здоровье кожи и шерсти</li>
<li> Поддержка иммунной системы </li>
<li> Отличное пищеварение </li>

Состав: кукуруза, пшеница, куриная мука, рис, свекольный жом, мясная мука (в том числе курица минимум 4%), подсолнечное масло, жир животный, пивные дрожжи, минералы, витамины.

Пищевая ценность (100 г): белки – 22 г; жиры – 11 г; зола – 7 г; клетчатка – 4 г; влажность – не более 10 г; кальций – 1,0 г; фосфор – 0,7 г; натрий – 0,3 г; калий – 0,58 г; магний – 0,1 г; цинк – 20 мг; медь – 1,5 мг; витамин А – 1500 МЕ; витамин Е – 20 мг; витамин D3 – 120 МЕ; а также витамин В1, В2, В4, В5, В12, ниацин; омега-6, омега-3 полиненасыщенные жирные кислоты. Энергетическая ценность (на 100 г): 355 ккал / 1486 кДж.";"Зоотовары/Товары для собак/Корма для собак";"Зоотовары/Товары для собак/Корма для собак";1
"/storage/photo/original/h/pedigree-suhoj-korm-dlya-sobak-melkih-porod-s-govyadinoj-06-kg.jpg;
/storage/photo/original/h/pedigree-suhoj-korm-dlya-sobak-melkih-porod-s-govyadinoj-06-kg_23.jpg";"PEDIGREE сухой корм для собак мелких пород с говядиной 0,6 кг";620322;"PEDIGREE";135;0;104;"(Характеристики товара (Зоотовары))Тип товара:Сухой корм для собак;
(Характеристики товара (Зоотовары))Серия:Vital Protection;
(Характеристики товара (Зоотовары))Страна происхождения:РОССИЯ;
(Характеристики товара (Зоотовары))EAN:4607060000000;
(Характеристики товара (Зоотовары))Вес:600 г;
(Характеристики товара (Зоотовары))Возраст питомца:Взрослые;
(Характеристики товара (Зоотовары))Форма упаковки:Пакет;
(Характеристики товара (Зоотовары))Вес упаковки:600 г;
(Характеристики товара (Зоотовары))";"<p>Это  полезная и вкусная еда, приготовленная с учетом всех физиологических потребностей взрослых собак маленьких пород . Аппетитный  сухой корм с говядиной обязательно подарит удовольствие Вашей собаке, и даст ее организму все необходимые элементы:                     • Инолевоая кислота и цинк для здоровья кожи и шерсти
• Кальций для крепких и здоровых зубов
• Высокоусвояемые ингредиенты для здорового пищеварения
• Витамин Е и цинк, для поддержки иммунной системыСостав: Кукуруза, пшеница, мука из птицы, рис, свекольный жом, мясная мука (в том числе говядина мин 4%),  подсолнечное масло, жир животный, пивные дрожжи, минералы, витамины,Пищевая ценность: Пищевая ценность (100 г): Белки 21г, жиры 14г,зола 8г, клетчатка 4г, влажность – не более 10г, кальций 1,3г, фосфор 0,8г, натрий 0,3г, калий 0,58г, магний 0,1г, цинк 20мг, медь 1,5мг,
Витамин А 1500МЕ, витамин Е 20мг, витамин D3 120МЕ, а также витамины B1, В2,В4, В5, В12, ниацин,  омега-6, омега-3 полиненасыщенные жирные кислоты. Энергетическая ценность (100 г): 365ккал
</p>";"Зоотовары/Товары для собак/Корма для собак";"Зоотовары/Товары для собак/Корма для собак";1
"/storage/photo/original/h/pedigree-suhoj-korm-dlya-sobak-miniatyurnih-porod-s-govyadinoj-06-kg.jpg;
/storage/photo/original/h/pedigree-suhoj-korm-dlya-sobak-miniatyurnih-porod-s-govyadinoj-06-kg_27.jpg";"PEDIGREE сухой корм для собак миниатюрных пород с говядиной 0,6 кг";620323;"PEDIGREE";156;0;120;"(Характеристики товара (Зоотовары))Тип товара:Сухой корм для собак;
(Характеристики товара (Зоотовары))Серия:Vital Protection;
(Характеристики товара (Зоотовары))Страна происхождения:РОССИЯ;
(Характеристики товара (Зоотовары))EAN:4607070000000;
(Характеристики товара (Зоотовары))Вес:600 г;
(Характеристики товара (Зоотовары))Возраст питомца:Взрослые;
(Характеристики товара (Зоотовары))Форма упаковки:Пакет;
(Характеристики товара (Зоотовары))Вес упаковки:600 г;
(Характеристики товара (Зоотовары))";"<p>Это  полезная и вкусная еда, приготовленная с учетом всех физиологических потребностей собак миниатюрных пород . Аппетитный  сухой корм с говядиной обязательно подарит удовольствие Вашей собаке, и даст ее организму все необходимые элементы:                     • Инолевоая кислота и цинк длят здоровья кожи и шерсти
• Кальций для крепких и здоровых зубов
• Высокоусвояемые ингредиенты для здорового пищеварения
• Витамин Е и цинк, для поддержки иммунной системыСостав: Список ингредиентов: мука из птицы, пшеничная мука, кукуруза, рис, мясная мука (в том числе говядина мин 4%), жир животный, пшеница, свекольный жом, подсолнечное масло, минералы, витамины, метионин. Пищевая ценность: Пищевая ценность (100 г): Белки 22г, жиры 15г, зола 8г, клетчатка 4г, влажность – не более 10г, кальций 1,3г, фосфор 0,8г, натрий 0,3г, калий 0,58г, магний 0,1г, цинк 20мг, медь 1,5мг,
Витамин А 1500МЕ, Витамин Е 20мг, Витамин D3 120МЕ, а также витамины B1, В2,В4, В5, В12, ниацин, омега-6, омега-3 полиненасыщенные жирные кислоты. Энергетическая ценность (100 г): 370ккал
</p>";"Зоотовары/Товары для собак/Корма для собак";"Зоотовары/Товары для собак/Корма для собак";1
"/storage/photo/original/h/pedigree-suhoj-korm-dlya-sobak-vseh-porod-s-govyadinoj-06-kg.jpg;
/storage/photo/original/h/pedigree-suhoj-korm-dlya-sobak-vseh-porod-s-govyadinoj-06-kg_21.jpg";"PEDIGREE сухой корм для собак всех пород с говядиной 0,6 кг";620321;"PEDIGREE";126;0;97;"(Характеристики товара (Зоотовары))Тип товара:Сухой корм для собак;
(Характеристики товара (Зоотовары))Серия:Vital Protection;
(Характеристики товара (Зоотовары))Страна происхождения:РОССИЯ;
(Характеристики товара (Зоотовары))EAN:4607060000000;
(Характеристики товара (Зоотовары))Вес:600 г;
(Характеристики товара (Зоотовары))Возраст питомца:Взрослые;
(Характеристики товара (Зоотовары))Форма упаковки:Пакет;
(Характеристики товара (Зоотовары))Вес упаковки:600 г;
(Характеристики товара (Зоотовары))";"<p>Это  полезная и вкусная еда, приготовленная с учетом всех физиологических потребностей взрослых собак всех пород . Аппетитный  сухой корм с говядиной обязательно подарит удовольствие Вашей собаке, и даст ее организму все необходимые элементы:                    • Инолевоая кислота и цинк для здоровья кожи и шерсти
• Кальций для крепких и здоровых зубов
• Высокоусвояемые ингредиенты для здорового пищеварения
• Витамин Е и цинк, для поддержки иммунной системыСостав: Пшеница, кукуруза, мука из птицы, рис, мясная мука (в том числе говядина мин 4%), свекольный жом, подсолнечное масло, жир животный, пивные дрожжи, витамины, минералы, глюкозамин.Пищевая ценность: Пищевая ценность (100 г): Белки 22г, жиры 11г, зола 8г, клетчатка 4г, влажность – не более 10г, кальций 1,0г, фосфор 0,7г, натрий 0,3г, калий 0,58г, магний 0,1г, цинк 20мг, медь 1,5мг, Витамин А 1500МЕ,  витамин Е 20мг, витамин D3 120МЕ, а также витамины В1, В2, В4, В5, В12, ниацин, омега-6, омега-3 полиненасыщенные жирные кислоты. Энергетическая ценность (100 г):  335 ккал </p>";"Зоотовары/Товары для собак/Корма для собак";"Зоотовары/Товары для собак/Корма для собак";1
"/storage/photo/original/h/perfect-fit-suhoj-korm-adult-dlya-sobak-srednih-i-krupnih-porod-starshe-goda-s-kuricej-08-kg.jpg;
/storage/photo/original/h/perfect-fit-suhoj-korm-adult-dlya-sobak-srednih-i-krupnih-porod-starshe-goda-s-kuricej-08-kg_50.jpg";"PERFECT FIT сухой корм Adult для собак средних и крупных пород старше года с курицей 0,8 кг";620333;"PERFECT FIT";316;0;243;"(Характеристики товара (Зоотовары))Тип товара:Сухой корм для собак;
(Характеристики товара (Зоотовары))Серия:Adult;
(Характеристики товара (Зоотовары))Страна происхождения:РОССИЯ;
(Характеристики товара (Зоотовары))EAN:4607070000000;
(Характеристики товара (Зоотовары))Вес:800 г;
(Характеристики товара (Зоотовары))Возраст питомца:Взрослые;
(Характеристики товара (Зоотовары))Форма упаковки:Пакет;
(Характеристики товара (Зоотовары))Вес упаковки:800 г;
(Характеристики товара (Зоотовары))";"Система профессионального питания Perfect Fit разработана совместно с диетологами и ветеринарами и специально создана для поддержания активности и жизненной энергии собаки на протяжении всей жизни. В основе профессионального рациона Perfect Fit лежит уникальная формула PERFECT FIT TOTAL 5 FORMULA, которая заботится о важнейших слагаемых здоровья в соответствии с размером и возрастом собаки. Данная рецептура учитывает особые потребности взрослых собак средних и крупных пород. Содержит белки высокого качества для поддержания сильной и здоровой мускулатуры. Содержит натуральный источник глюкозамина для поддержания здоровья суставов, что способствует хорошей подвижности собаки. Содержит повышенные уровни витаминов В1, В2, В6 и железа, способствующие поддержанию активности собаки.

ОСОБЕННОСТИ ПРОДУКТА:

<li> Здоровая мускулатура
<li> Подвижность суставов
<li> Жизненная энергия


Состав:  курица (18%), кукуруза, пшеница, жир куриный, гидролизат животного происхождения, высушенная пульпа сахарной свеклы (3%), сухое цельное яйцо (1,2%), соль, натрий триполифосфат (0,7%), холин хлорид, масло подсолнечное (0,4%), калий хлорид, экстракт цикория (0,2%), минеральные вещества и витамины.

Содержание питательных веществ (100 г):  белок – 25 г; жир – 14 г; зола – 7,5 г; влажность – 8,5 г; клетчатка – 1,9 г; железо – 10,7 мг; витамин А – 1224 МЕ; витамин D3 – 135 МЕ; витамин Е – 37,5 мг.";"Зоотовары/Товары для собак/Корма для собак";"Зоотовары/Товары для собак/Корма для собак";1
"/storage/photo/original/h/perfect-fit-suhoj-korm-adult-dlya-vzroslih-koshek-s-kuricej-650-g.jpg;
/storage/photo/original/h/perfect-fit-suhoj-korm-adult-dlya-vzroslih-koshek-s-kuricej-650-g_30.jpg";"PERFECT FIT сухой корм Adult для взрослых кошек с курицей 650 г";610543;"PERFECT FIT";251;0;201;"(Характеристики товара (Зоотовары))Тип товара:Сухой корм для кошек;
(Характеристики товара (Зоотовары))Серия:Adult;
(Характеристики товара (Зоотовары))Страна происхождения:Германия;
(Характеристики товара (Зоотовары))EAN:4607070000000;
(Характеристики товара (Зоотовары))Вес:650 г;
(Характеристики товара (Зоотовары))Для кого:Для кошек;
(Характеристики товара (Зоотовары))Возраст питомца:Взрослые;
(Характеристики товара (Зоотовары))Форма упаковки:Пакет;
(Характеристики товара (Зоотовары))Вес упаковки:650 г;
(Характеристики товара (Зоотовары))";"<p>PERFECT FIT - это система профессионального питания, которая создана специально для поддержания здоровья кошек, чтобы они оставались активными, игривыми и получали максимум от каждого дня на протяжении всей жизни. Благодаря специальной формуле &laquo;5 слагаемых здоровья&raquo; PERFECT FIT заботится о важнейших составляющих хорошего самочувствия кошки и помогает ей всегда быть полной жизненных сил. В PERFECT FIT Adult учтены все потребности взрослых кошек, которым важно оставаться в тонусе. Особая комбинация белков, минералов и витаминов поддержит силу мышц и подарит кошке энергию для активного времяпрепровождения.<br /> <br /> ОСОБЕННОСТИ ПРОДУКТА: </p>
<ul>
<li>Здоровая кожа и шерсть</li>
<li>Контроль веса</li>
<li>Сильная естественная защита</li>
<li>Здоровье зубов</li>
<li>Здоровое пищеварение <br /> Состав: мука животного происхождения (в том числе курица 14%), мука из птицы, пшеница, белковый соевый концентрат, кукурузная мука, жир животный, белковый кукурузный концентрат, соевая мука, рис, гидролизат животного происхождения, дрожжи, соль, хлорид калия, подсолнечное масло, минеральные вещества и витамины. </li>
</ul>";"Зоотовары/Товары для кошек/Корма для кошек";"Зоотовары/Товары для кошек/Корма для кошек";1
"/storage/photo/original/h/perfect-fit-suhoj-korm-in-home-dlya-domashnih-koshek-s-kuricej-065-kg.jpg;
/storage/photo/original/h/perfect-fit-suhoj-korm-in-home-dlya-domashnih-koshek-s-kuricej-065-kg_45.jpg";"PERFECT FIT сухой корм In-home для домашних кошек с курицей 0,65 кг";610442;"PERFECT FIT";261;0;201;"(Характеристики товара (Зоотовары))Тип товара:Сухой корм для кошек;
(Характеристики товара (Зоотовары))Серия:In-home;
(Характеристики товара (Зоотовары))Страна происхождения:Германия;
(Характеристики товара (Зоотовары))EAN:4607070000000;
(Характеристики товара (Зоотовары))Вес:650 г;
(Характеристики товара (Зоотовары))Для кого:Для кошек;
(Характеристики товара (Зоотовары))Возраст питомца:Взрослые;
(Характеристики товара (Зоотовары))Форма упаковки:Пакет;
(Характеристики товара (Зоотовары))Вес упаковки:650 г;
(Характеристики товара (Зоотовары))";"Сухой корм Perfect Fit ""In-Home"" создан специально для поддержания жизненного тонуса и хорошего самочувствия домашних лежебок.
Особенности сухого корма ""Perfect Fit"":
- содержит натуральную клетчатку, помогающую контролировать образование комочков шерсти в организме кошки;
- специальная рецептура позволяет снизить потребление калорий в каждом кормлении;
- способствует поддержанию здоровой кожи и блестящей шерсти благодаря содержанию биотина, цинка и омега-6 кислот;
- содержит экстракт Юкки Шидигера, помогающий уменьшить запах кошачьего туалета;
- не содержит ароматизаторов, красителей и консервантов.";"Зоотовары/Товары для кошек/Корма для кошек";"Зоотовары/Товары для кошек/Корма для кошек";1
"/storage/photo/original/h/perfect-fit-suhoj-korm-sterile-dlya-sterilizovannih-koshek-065-kg.jpg;
/storage/photo/original/h/perfect-fit-suhoj-korm-sterile-dlya-sterilizovannih-koshek-065-kg_47.jpg";"PERFECT FIT сухой корм Sterile для стерилизованных кошек 0,65 кг";610451;"PERFECT FIT";261;0;201;"(Характеристики товара (Зоотовары))Тип товара:Сухой корм для кошек;
(Характеристики товара (Зоотовары))Серия:Sterile;
(Характеристики товара (Зоотовары))Страна происхождения:РОССИЯ;
(Характеристики товара (Зоотовары))EAN:4607070000000;
(Характеристики товара (Зоотовары))Вес:650 г;
(Характеристики товара (Зоотовары))Для кого:Для кошек;
(Характеристики товара (Зоотовары))Ветеринарные показания и специальные потребности:Стерилизация / Кастрация;
(Характеристики товара (Зоотовары))Возраст питомца:Взрослые;
(Характеристики товара (Зоотовары))Форма упаковки:Пакет;
(Характеристики товара (Зоотовары))Вес упаковки:650 г;
(Характеристики товара (Зоотовары))";"Сухой корм Perfect Fit ""Sterile"" - полнорационный сухой корм для кастрированных котов и стерилизованных кошек. Корм специально создан для поддержания здоровья и жизненного тонуса после кастрации и стерилизации. <br />
Поддерживает здоровье мочевыводящей системы. Баланс минералов, помогающий поддержанию здоровой мочевыводящей системы. <br />
Способствует поддержанию оптимального веса. Специальная рецептура позволяет снизить потребление калорий в каждом кормлении. <br />
Гладкая шерсть и здоровая кожа. Способствует поддержанию здоровой кожи и блестящей шерсти благодаря содержанию биотина, цинка и омега- 6 кислот. <br />
Здоровое пищеварение. Курица и рис для легкого усвоения и оптимального пищеварения. <br />
<br />
Состав: высушенный белок птицы (включая 19% курицы), пшеница, животный жир, высушенный животный белок, кукуруза, кукурузная мука, высушенный белок злаков, рис (не менее 4%), высушенная печень, сухая свекла, целлюлоза, соль, мясокостная мука, хлорид калия, витамины и минеральные вещества.<br />
Пищевая ценность (100 г): белок 37 г; жир 12 г; зола 7,5 г; влажность 6 г; клетчатка 3 г; кальций 1 г; фосфор 0,83 г; магний 0,09 г; жирные кислоты (омега-6) 2,9 г; биотин 0,013 мг; витамин А 1644,5 МЕ; витамин D3 93,4 МЕ; пентагидрат сульфата меди 0,14 мг; йодат кальция безводный 0,05 мг; моногидрат сульфата марганца 10,14 мг; моногидрат сульфата цинка 16,5 мг. <br />
Энергетическая ценность (100 г): 378 ккал.";"Зоотовары/Товары для кошек/Корма для кошек";"Зоотовары/Товары для кошек/Корма для кошек";1
"/storage/photo/original/h/perfect-fit-suhoj-korm-sterile-dlya-sterilizovannih-koshek-s-govyadinoj-065-kg.jpg;
/storage/photo/original/h/perfect-fit-suhoj-korm-sterile-dlya-sterilizovannih-koshek-s-govyadinoj-065-kg_40.jpg";"PERFECT FIT сухой корм Sterile для стерилизованных кошек с говядиной 0,65 кг";610450;"PERFECT FIT";261;0;201;"(Характеристики товара (Зоотовары))Тип товара:Сухой корм для кошек;
(Характеристики товара (Зоотовары))Серия:Sterile;
(Характеристики товара (Зоотовары))Страна происхождения:Германия;
(Характеристики товара (Зоотовары))EAN:4607070000000;
(Характеристики товара (Зоотовары))Вес:650 г;
(Характеристики товара (Зоотовары))Для кого:Для кошек;
(Характеристики товара (Зоотовары))Ветеринарные показания и специальные потребности:Стерилизация / Кастрация;
(Характеристики товара (Зоотовары))Возраст питомца:Взрослые;
(Характеристики товара (Зоотовары))Форма упаковки:Пакет;
(Характеристики товара (Зоотовары))Вес упаковки:650 г;
(Характеристики товара (Зоотовары))";"PERFECT FIT - это система профессионального питания, которая создана специально для поддержания здоровья кошек, чтобы они оставались активными, игривыми и получали максимум от каждого дня на протяжении всей жизни. Благодаря специальной формуле «5 слагаемых здоровья» PERFECT FIT™ заботится о важнейших составляющих хорошего самочувствия кошки и помогает ей всегда быть полной жизненных сил.В рационе PERFECT FIT™ Sterile мы учли потребности организма кошки, прошедшей стерилизацию. Витамины группы B и железо помогут ей оставаться активной, пребиотики поддержат работу пищеварительной системы, а специальный адаптированный нутриентный профиль позволит следить за оптимальным балансом веса.


ОСОБЕННОСТИ ПРОДУКТА:

<li> Здоровая кожа и шерсть
<li> Контроль веса
<li> Сильная естественная защита
<li> Здоровье зубов
<li> Здоровое пищеварение

Состав: мука животного происхождения (в том числе говядины 14%), мука из птицы, пшеница, кукуруза, жир животный, белковый соевый концентрат, белковый кукурузный концентрат, соевая мука, рис, гидролизат животного происхождения, дрожжи, соль, экстракт цикория, высушенная пульпа сахарной свеклы, хлорид калия, подсолнечное масло, минеральные вещества и витамины.";"Зоотовары/Товары для кошек/Корма для кошек";"Зоотовары/Товары для кошек/Корма для кошек";1
"/storage/photo/original/h/whiskas-podushechki-s-kuricej-dlya-sterilizovannih-koshek-035-kg.jpg;
/storage/photo/original/h/whiskas-podushechki-s-kuricej-dlya-sterilizovannih-koshek-035-kg_35.jpg";"WHISKAS подушечки с курицей для стерилизованных кошек 0,35 кг";610452;"WHISKAS";111;0;78;"(Характеристики товара (Зоотовары))Тип товара:Сухой корм для кошек;
(Характеристики товара (Зоотовары))Серия:Вкусные подушечки;
(Характеристики товара (Зоотовары))Страна происхождения:РОССИЯ;
(Характеристики товара (Зоотовары))EAN:4607070000000;
(Характеристики товара (Зоотовары))Вес:350 г;
(Характеристики товара (Зоотовары))Для кого:Для кошек;
(Характеристики товара (Зоотовары))Ветеринарные показания и специальные потребности:Стерилизация / Кастрация;
(Характеристики товара (Зоотовары))Возраст питомца:Взрослые;
(Характеристики товара (Зоотовары))Форма упаковки:Коробка;
(Характеристики товара (Зоотовары))Вес упаковки:350 г;
(Характеристики товара (Зоотовары))";"Создан специально, учитывая особые потребности Вашей любимицы. Хрустящие подушечки с нежным паштетом внутри обязательно придутся по вкусу Вашей кошке. Кроме того, корм Whiskas® содержит все необходимое, чтобы еда Вашей стерилизованной любимицы была не только вкусной, но и полезной. </p>


Ингредиенты:   Пшеничная мука, мука животного происхождения (в том числе мука из курицы минимум 4% в коричневых гранулах); белковые растительные экстракты, рис, животные жиры и растительное масло, высушенная куриная и свиная печень, пивные дрожжи, витамины и минеральные вещества.


ОСОБЕННОСТИ ПРОДУКТА:
<li> Оптимальное сочетание питательных веществ и нутриентов для подержания обмена веществ и здоровья мочевыводящей системы
<li> Витамин Е и цинк для иммунитета
<li> Омега-6 и цинк для здоровья кожи и шерсти
<li> Баланс кальция и фосфора для здоровья костей
<li> Витамин А и таурин для хорошего зрения
<li> Высокоусваиваемые ингредиенты и клетчатка для пищеварения";"Зоотовары/Товары для кошек/Корма для кошек";"Зоотовары/Товары для кошек/Корма для кошек";1
"/storage/photo/original/h/whiskas-podushechki-s-nezhnim-pashtetom-appetitnij-obed-s-lososem-035-kg.jpg;
/storage/photo/original/h/whiskas-podushechki-s-nezhnim-pashtetom-appetitnij-obed-s-lososem-035-kg_42.jpg";"WHISKAS подушечки с нежным паштетом Аппетитный обед с лососем 0,35 кг";610457;"WHISKAS";111;0;85;"(Характеристики товара (Зоотовары))Тип товара:Сухой корм для кошек;
(Характеристики товара (Зоотовары))Серия:Вкусные подушечки;
(Характеристики товара (Зоотовары))Страна происхождения:РОССИЯ;
(Характеристики товара (Зоотовары))EAN:4607070000000;
(Характеристики товара (Зоотовары))Вес:350 г;
(Характеристики товара (Зоотовары))Для кого:Для кошек;
(Характеристики товара (Зоотовары))Возраст питомца:Взрослые;
(Характеристики товара (Зоотовары))Форма упаковки:Коробка;
(Характеристики товара (Зоотовары))Вес упаковки:350 г;
(Характеристики товара (Зоотовары))";"Полнорационный сухой корм Whiskas приготовлен для взрослых кошек не имеющих проблем со здоровьем в возрасте старше года. Аппетитные подушечки с нежнейшим рыбным паштетом внутри придутся по вкусу даже избирательным гурманам. Рецептура корма разработана на основе новейшего комплекса, сочетающего необходимый набор компонентов для поддержания правильного обмена веществ. Ингредиенты подобраны с учетом физиологических и возрастных потребностей. Ежедневное употребление корма наполнит энергией вашего питомца, продлит его молодость и красоту. </p>


ОСОБЕННОСТИ ПРОДУКТА:

<li> Для кошек любых пород
<li> Легко усваивается
<li> Красота шерсти и кожных покровов
<li> Без консервантов и усилителей вкуса
<li> Профилактика образования зубного камня
<li> Здоровье костей и зубов


Ингредиенты:   Пшеничная мука, мука из птицы, белковые растительные экстракты, злаки, мука из рыбы, мука из тунца, мука из лосося (лосось и тунец мин. 4 % в розовых и бежевых гранулах), мука из креветок (мин. 4 % в розовых и бежевых гранулах), животные жиры и растительное масло, высушенная куриная и свиная печень, пивные дрожжи, свекольный жом, морковь, минеральные и витаминные смеси.";"Зоотовары/Товары для кошек/Корма для кошек";"Зоотовары/Товары для кошек/Корма для кошек";1
"/storage/photo/original/h/whiskas-podushechki-s-nezhnim-pashtetom-appetitnoe-assorti-s-kuricej-i-indejkoj-035-kg.jpg;
/storage/photo/original/h/whiskas-podushechki-s-nezhnim-pashtetom-appetitnoe-assorti-s-kuricej-i-indejkoj-035-kg_37.jpg";"WHISKAS подушечки с нежным паштетом Аппетитное ассорти с курицей и индейкой 0,35 кг";610456;"WHISKAS";111;0;85;"(Характеристики товара (Зоотовары))Тип товара:Сухой корм для кошек;
(Характеристики товара (Зоотовары))Серия:Вкусные подушечки;
(Характеристики товара (Зоотовары))Страна происхождения:РОССИЯ;
(Характеристики товара (Зоотовары))EAN:4607070000000;
(Характеристики товара (Зоотовары))Вес:350 г;
(Характеристики товара (Зоотовары))Для кого:Для кошек;
(Характеристики товара (Зоотовары))Возраст питомца:Взрослые;
(Характеристики товара (Зоотовары))Форма упаковки:Коробка;
(Характеристики товара (Зоотовары))Вес упаковки:350 г;
(Характеристики товара (Зоотовары))";"Полнорационный сухой корм Whiskas приготовлен для взрослых кошек не имеющих проблем со здоровьем в возрасте старше года. Аппетитные подушечки с нежнейшим куриным паштетом внутри придутся по вкусу даже избирательным гурманам. Рецептура корма разработана на основе новейшего комплекса, сочетающего необходимый набор компонентов для поддержания правильного обмена веществ. Ингредиенты подобраны с учетом физиологических и возрастных потребностей. Ежедневное употребление корма наполнит энергией вашего питомца, продлит его молодость и красоту. </p>


ОСОБЕННОСТИ ПРОДУКТА:

<li> Для кошек любых пород
<li> Легко усваивается
<li> Красота шерсти и кожных покровов
<li> Без консервантов и усилителей вкуса
<li> Профилактика образования зубного камня
<li> Здоровье костей и зубов


Ингредиенты:  Пшеничная мука, мука животного происхождения: мука из птицы, мука из утки, мука из индейки (курицы, утки, индейки не менее 4% в красно-коричневых гранулах), растительные белковые экстракты, злаки, животные жиры и растительное масло, высушенная куриная и свиная печень, пивные дрожжи, свекольный жом, морковь, минеральные и витаминные смеси.";"Зоотовары/Товары для кошек/Корма для кошек";"Зоотовары/Товары для кошек/Корма для кошек";1
"/storage/photo/original/h/whiskas-podushechki-s-nezhnim-pashtetom-appetitnoe-assorti-s-kuricej-i-indejkoj-08-kg.jpg;
/storage/photo/original/h/whiskas-podushechki-s-nezhnim-pashtetom-appetitnoe-assorti-s-kuricej-i-indejkoj-08-kg_36.jpg";"WHISKAS подушечки с нежным паштетом Аппетитное ассорти с курицей и индейкой 0,8 кг";610463;"WHISKAS";239;0;157;"(Характеристики товара (Зоотовары))Тип товара:Сухой корм для кошек;
(Характеристики товара (Зоотовары))Серия:Вкусные подушечки;
(Характеристики товара (Зоотовары))Страна происхождения:РОССИЯ;
(Характеристики товара (Зоотовары))EAN:4607070000000;
(Характеристики товара (Зоотовары))Вес:800 г;
(Характеристики товара (Зоотовары))Для кого:Для кошек;
(Характеристики товара (Зоотовары))Возраст питомца:Взрослые;
(Характеристики товара (Зоотовары))Форма упаковки:Пакет;
(Характеристики товара (Зоотовары))Вес упаковки:800 г;
(Характеристики товара (Зоотовары))";"Полнорационный сухой корм Whiskas приготовлен для взрослых кошек не имеющих проблем со здоровьем в возрасте старше года. Аппетитные подушечки с нежнейшим куриным паштетом внутри придутся по вкусу даже избирательным гурманам. Рецептура корма разработана на основе новейшего комплекса, сочетающего необходимый набор компонентов для поддержания правильного обмена веществ. Ингредиенты подобраны с учетом физиологических и возрастных потребностей. Ежедневное употребление корма наполнит энергией вашего питомца, продлит его молодость и красоту. </p>


ОСОБЕННОСТИ ПРОДУКТА:

<li> Для кошек любых пород
<li> Легко усваивается
<li> Красота шерсти и кожных покровов
<li> Без консервантов и усилителей вкуса
<li> Профилактика образования зубного камня
<li> Здоровье костей и зубов


Ингредиенты:  Пшеничная мука, мука животного происхождения: мука из птицы, мука из утки, мука из индейки (курицы, утки, индейки не менее 4% в красно-коричневых гранулах), растительные белковые экстракты, злаки, животные жиры и растительное масло, высушенная куриная и свиная печень, пивные дрожжи, свекольный жом, морковь, минеральные и витаминные смеси.";"Зоотовары/Товары для кошек/Корма для кошек";"Зоотовары/Товары для кошек/Корма для кошек";1
"/storage/photo/original/h/whiskas-podushechki-s-pashtetom-dlya-koshek-starshe-7-let-assorti-s-myasom-ptici-350-g.jpg;
/storage/photo/original/h/whiskas-podushechki-s-pashtetom-dlya-koshek-starshe-7-let-assorti-s-myasom-ptici-350-g_41.jpg";"WHISKAS подушечки с паштетом для кошек старше 7 лет Ассорти с мясом птицы 350 г";610466;"WHISKAS";106;0;85;"(Характеристики товара (Зоотовары))Тип товара:Сухой корм для кошек;
(Характеристики товара (Зоотовары))Серия:Вкусные подушечки;
(Характеристики товара (Зоотовары))Страна происхождения:РОССИЯ;
(Характеристики товара (Зоотовары))EAN:4607060000000;
(Характеристики товара (Зоотовары))Вес:350 г;
(Характеристики товара (Зоотовары))Для кого:Для кошек;
(Характеристики товара (Зоотовары))Возраст питомца:Пожилые;
(Характеристики товара (Зоотовары))Форма упаковки:Коробка;
(Характеристики товара (Зоотовары))Вес упаковки:350 г;
(Характеристики товара (Зоотовары))";"Это вкусное блюдо, приготовленное с учетом потребностей, свойственных возрасту Вашей любимицы. Хрустящие подушечки с нежным паштетом внутри обязательно придутся по вкусу Вашей любимице. Кроме того, корм Whiskas® содержит все необходимое, чтобы еда Вашей кошки была не только вкусной, но и полезной. </p>


Ингредиенты:   Пшеничная мука, мука животного происхождения: мука из птицы (минимум 4% в коричневых гранулах), мука мясокостная; белковые растительные экстракты, рис, жир животный, подсолнечное масло, пивные дрожжи, витамины, минеральные вещества и таурин.

ОСОБЕННОСТИ ПРОДУКТА:
<li> Витамин Е для поддержания иммунитета
<li> Высокоусваиваемые ингредиенты для здорового пищеварения
<li> Таурин для здоровья сердца
<li> Жирные кислоты Омега-6 и цинк для здоровья кожи и шерсти
<li> Источник глюкозамина для здоровья суставов
<li> Специальная формула для хорошего аппетита
<li> Сбалансированный рацион для поддержания веса";"Зоотовары/Товары для кошек/Корма для кошек";"Зоотовары/Товары для кошек/Корма для кошек";1
"/storage/photo/original/h/whiskas-suhoj-korm-dlya-koshek-starshe-goda-podushechki-s-pashtetom-iz-govyadini-i-myasa-krolika-08-kg.jpg;
/storage/photo/original/h/whiskas-suhoj-korm-dlya-koshek-starshe-goda-podushechki-s-pashtetom-iz-govyadini-i-myasa-krolika-08-kg_44.jpg";"WHISKAS сухой корм для кошек старше года подушечки с паштетом из говядины и мяса кролика 0,8 кг";610462;"WHISKAS";239;0;185;"(Характеристики товара (Зоотовары))Тип товара:Сухой корм для кошек;
(Характеристики товара (Зоотовары))Серия:Вкусные подушечки;
(Характеристики товара (Зоотовары))Страна происхождения:РОССИЯ;
(Характеристики товара (Зоотовары))EAN:4607070000000;
(Характеристики товара (Зоотовары))Вес:800 г;
(Характеристики товара (Зоотовары))Для кого:Для кошек;
(Характеристики товара (Зоотовары))Возраст питомца:Взрослые;
(Характеристики товара (Зоотовары))Форма упаковки:Пакет;
(Характеристики товара (Зоотовары))Вес упаковки:800 г;
(Характеристики товара (Зоотовары))";"Это сбалансированный рацион для здоровой и счастливой жизни Вашей кошки. Хрустящие подушечки со сметаной и овощами обязательно придутся по вкусу Вашей любимице. Кроме того, рацион Whiskas содержит все необходимое, чтобы еда Вашей кошки была не только вкусной, но и полезной. Рационы Whiskas это - оптимальное сочетание питательных веществ и нутриентов для подержания обмена веществ, витамин Е и цинк для иммунитета, омега-6 и цинк для здоровья кожи и шерсти, баланс кальция и фосфора для здоровья костей, витамин А и таурин для хорошего зрения, высокоусваиваемые ингредиенты и клетчатка для пищеварения, сухая текстура корма для удаления зубного налета.

Рекомендации по кормлению:  Бренд Whiskas® рекомендует сочетать разные форматы корма в рационе Вашей кошки. Утром и вечером Вашей любимице нужно давать влажный рацион, а в течение дня — сухой. Это позволит объединить преимущества каждого из форматов, ведь ее рацион должен быть не только вкусным, но и тщательно сбалансированным. Нужно помнить, что смешивать в одной миске сухой и влажный рационы не рекомендуется. Кроме того, у вашей любимицы всегда должен быть доступ к чистой питьевой воде. Рационы Whiskas содержат все необходимые витамины и минералы, белки, жиры и углеводы, чтобы поддержать здоровье Вашей кошки от усов до кончика хвоста.";"Зоотовары/Товары для кошек/Корма для кошек";"Зоотовары/Товары для кошек/Корма для кошек";1
;"КУБАНОЧКА огурцы маринованые Корнишоны 1-4 см 0,36 кг";160035;"КУБАНОЧКА";78;0;60;"(Характеристики товара (Продукты))Тип товара:Огурцы маринованные;
(Характеристики товара (Продукты))Страна происхождения:РОССИЯ;
(Характеристики товара (Продукты))EAN:4607030000000;
(Характеристики товара (Продукты))Вес:360 г;
(Характеристики товара (Продукты))";"Рекомендуется употреблять в качестве самостоятельной закуски, а также добавлять в салаты и использовать для приготовления канапе.";"Продукты/Консервированная продукция/Овощи, грибы консервированные";"Продукты/Консервированная продукция/Овощи, грибы консервированные";1
;"КУБАНОЧКА томаты маринованные 0,72 л";160038;"КУБАНОЧКА";74;0;66;"(Характеристики товара (Продукты))Тип товара:Томаты маринованные;
(Характеристики товара (Продукты))Страна происхождения:РОССИЯ;
(Характеристики товара (Продукты))EAN:4607030000000;
(Характеристики товара (Продукты))Объем:720 мл;
(Характеристики товара (Продукты))";"Бесподобная закуска, приготовленная из сочных краснодарских помидорчиков по оригинальному рецепту. Ароматный зелень придает маринованным томатам яркие пряные нотки. Особенно хорошо сочетается с блюдами из вареного картофеля, печеным мясом и крепкими напитками.";"Продукты/Консервированная продукция/Овощи, грибы консервированные";"Продукты/Консервированная продукция/Овощи, грибы консервированные";1
;"МИФ Гель для стирки Свежесть Лаванды и Ромашки 0,78 л";410382;"МИФ";195;0;142;"(Характеристики товара (Бытовая химия))Объем:780 мл;
(Характеристики товара (Бытовая химия))Серия:Свежесть Лаванды и Ромашки;
(Характеристики товара (Бытовая химия))Тип стирки:Автомат;
(Характеристики товара (Бытовая химия))Тип товара:Гель для стирки;
(Характеристики товара (Бытовая химия))Страна происхождения:Франция;
(Характеристики товара (Бытовая химия))EAN:8001090000000;
(Характеристики товара (Бытовая химия))";"Миф поможет вам справиться с такой сложной задачей, как стирка для всей семьи. Он прекрасно удалит пятна, придаст свежесть вашим вещам, а стоит недорого! Умное предложение с тремя преимуществами в одном флаконе, которое прослужит дольше, чем 4 кг стирального порошка Миф. И Вся семья будет счастлива!  Благодаря Мифу нет необходимости тратить много денег, чтобы белье было чистым и свежим!
Состав: 5-15% анионные ПАВ, <5% неионогенные ПАВ, мыло, энзимы, консерванты, ароматизирующие добавки, цитраль, лимонен.";"Бытовая химия/Стирка и уход за бельем/Порошки, гели, капсулы для стирки";"Бытовая химия/Стирка и уход за бельем/Порошки, гели, капсулы для стирки";1
;"ЧИСТАЯ ЛИНИЯ Шампунь Пшеница и отвар Льна для Тонких и ослабленных волос 250 мл";520827;"ЧИСТАЯ ЛИНИЯ";122;0;98;"(Характеристики товара (Косметика и уход))Тип товара:Шампунь;
(Характеристики товара (Косметика и уход))Страна происхождения:РОССИЯ;
(Характеристики товара (Косметика и уход))EAN:4600700000000;
(Характеристики товара (Косметика и уход))Объем:250 мл;
(Характеристики товара (Косметика и уход))";"Шампуни и Бальзамы ЧИСТАЯ ЛИНИЯ со знаком ЭКОконтроль гарантируют экологическую чистоту и пользу входящих трав.
Травы в составе продуктов ЧИСТАЯ ЛИНИЯ имеют паспорт качества и проходят многоступенчатый контроль экологической чистоты. ЧИСТАЯ ЛИНИЯ гарантирует эффективность: следит за соблюдением уровня активных веществ, использует только самые эффективные части растений, занимается клиническими исследованиями отвара трав.
Шампунь “Объем и сила” с экстрактом пшеницы и отваров льна интенсивно увлажняет и питает кожу головы. Активные натуральные компоненты средства ухаживают и восстанавливают волосы, образуют невидимый каркас вокруг каждого волоса, поддерживающий объем от корней без утяжеления. Применение: Небольшое количество нанесите на влажные волосы, вспеньте, смойте водой.</p>ОСОБЕННОСТИ ПРОДУКТА:<li>Красивый и здоровый внешний вид волос</li><li>Объем от самых корней</li>";"Косметика и Уход/Уход за волосами/Шампуни";"Косметика и Уход/Уход за волосами/Шампуни";1
;"OREO печенье  шоколад 228 г";140146;"OREO";72;0;58;;"CB-00008068";"Продукты/Кондитерские изделия/Печенье, пряники, вафли";"Продукты/Кондитерские изделия/Печенье, пряники, вафли";1
;"PERFECT FIT Sensitive Сухой корм с индейкой для взрослых кошек с чувствительным пищеварением 2,5кг";620400;"PERFECT FIT";829;;663;"(Характеристики товара (Зоотовары))Тип товара:Сухой корм для кошек;
(Характеристики товара (Зоотовары))Страна происхождения:РОССИЯ;
(Характеристики товара (Зоотовары))EAN:4607070000000;
(Характеристики товара (Зоотовары))";"""Perfect Fit"" - рацион, адаптированный специально для кошек с особенностями пищеварения. Он содержит пребиотики, способствующие поддержанию здоровой микрофлоры кишечника, и не содержит пшеницы и сои, которые могут вызвать дискомфорт в желудке кошки. Вашу кошку следует кормить кормом комнатной температуры.</p>";"Зоотовары/Товары для кошек/Корма для кошек";"Зоотовары/Товары для кошек/Корма для кошек";1
;"ROYAL CANIN сухой корм X-Small Puppy для щенков миниатюрных пород 0,5 кг";620204;"ROYAL CANIN";378;0;291;;"CB-00033559";"Зоотовары/Товары для собак/Корма для собак";"Зоотовары/Товары для собак/Корма для собак";1
;"TIDE стиральный порошок Color автомат 0,45 кг";410502;"TIDE";99;0;76;"(Характеристики товара (Бытовая химия))Серия:Color;
(Характеристики товара (Бытовая химия))Вес:450 г;
(Характеристики товара (Бытовая химия))Фасовка:0,3 - 1 кг;
(Характеристики товара (Бытовая химия))Тип белья:Цветное;
(Характеристики товара (Бытовая химия))Тип стирки:Автомат;
(Характеристики товара (Бытовая химия))Тип товара:Стиральный порошок;
(Характеристики товара (Бытовая химия))Страна происхождения:РОССИЯ;
(Характеристики товара (Бытовая химия))EAN:5413150000000;
(Характеристики товара (Бытовая химия))";"<p>
Стиральный порошок для стирки повседневной одежды в автоматических машинах любого типа, рекомендован для частого применения. Широко применяется на синтетике, хлопке, льняных изделиях. Требует избирательного подхода к изделиям из деликатных тканей. Качественно отстирывает все трудновыводимые пятна, не влияя на цвет, и в некоторых случаях делает его более ярким. Предотвращает образование катышек и износ ткани. Благодаря входящим в состав компонентов эффективно борется даже со стойкими пятнами, сохраняя структуру ткани. Не содержит в своем составе хлорсодержащих веществ. Отлично работает при любых режимах стирки и даже в холодной воде. После стирки белье обретает приятный аромат, сохраняющийся надолго. Обладает низким уровнем пенообразования, тем самым продлевает срок службы вашей машины. Дополнительно препятствует образованию накипи и известкового налета, за счет содержащихся защитных компонентов в его структуре.
</p>
ОСОБЕННОСТИ ПРОДУКТА:
<li>Отлично справляется с любыми видами загрязнений на одежде.
<li>Применяется в отношении синтетики и изделий из натурального волокна, за исключением деликатных тканей.
<li>Предназначен для стирки цветных вещей.
<li>Хорошо выполаскивается.
<li>Стирает в жесткой воде.
<li>Придает белью мягкость и приятный аромат в течение 7 дней.
<li>Может применяться и в сочетании с кондиционером.
<li>Практичная упаковка 450 г рассчитана на 3 стирки.";"Бытовая химия/Стирка и уход за бельем/Порошки, гели, капсулы для стирки";"Бытовая химия/Стирка и уход за бельем/Порошки, гели, капсулы для стирки";1
