"Короткое название";"Артикул";"Категории";"Основная категория"
"BARNÄNGEN Бальзам для тела Интенсивный Уход для очень сухой кожи 200мл";570177;"Косметика и Уход/Уход за телом/Увлажнение и питание;
НОВИНКИ";"Косметика и Уход/Уход за телом/Увлажнение и питание"
"АКУЛЬЧЕВ пирожное Macaron со вкусом черники 1,2кг";170233;"Продукты/Кондитерские изделия/Круассаны, пирожные, рулеты;
НОВИНКИ";"Продукты/Кондитерские изделия/Круассаны, пирожные, рулеты"
"BUSHIDO кофе растворимый Light Katana Сублимированный 100 г";170280;"Продукты/Кофе, чай, какао, цикорий/Кофе;
НОВИНКИ";"Продукты/Кофе, чай, какао, цикорий/Кофе"
"GARNIER Ambre Solaire Спрей Солнечная вода SPF 50 150мл";570171;"Косметика и Уход/Уход за телом/Защита от солнца;
НОВИНКИ";"Косметика и Уход/Уход за телом/Защита от солнца"
"ЛОСК Стиральный порошок Автомат Колор 2,7кг";460345;"Бытовая химия/Стирка и уход за бельем/Порошки, гели, капсулы для стирки;
НОВИНКИ";"Бытовая химия/Стирка и уход за бельем/Порошки, гели, капсулы для стирки"
"PERFECT FIT Sensitive Сухой корм с индейкой  для взрослых кошек с чувствительным пищеварением 2,5кг";620580;"Зоотовары/Товары для кошек/Корма для кошек;
НОВИНКИ";"Зоотовары/Товары для кошек/Корма для кошек"
"GOT2B Окрашивающий мелок для волос Strand Up Голубой деним 3,5г";570070;"Косметика и Уход/Уход за волосами/Средства для окрашивания и тонирования волос;
НОВИНКИ";"Косметика и Уход/Уход за волосами/Средства для окрашивания и тонирования волос"
"РАПТОР Аэрозоль от резистентных тараканов 430мл";250182;"Товары для дома/Защита от вредителей и насекомых/Защита от ползающих насекомых;
НОВИНКИ";"Товары для дома/Защита от вредителей и насекомых/Защита от ползающих насекомых"
"JARDIN Подарочный набор молотый кофе в растворимом 95 г + кружка";170281;"Продукты/Кофе, чай, какао, цикорий/Кофе;
НОВИНКИ";"Продукты/Кофе, чай, какао, цикорий/Кофе"
"BUSHIDO кофе растворимый Kodo Сублимированный 95 г";170279;"Продукты/Кофе, чай, какао, цикорий/Кофе;
НОВИНКИ";"Продукты/Кофе, чай, какао, цикорий/Кофе"
"GOT2B Окрашивающий мелок для волос Strand Up Королевский пурпур 3,5г";570071;"Косметика и Уход/Уход за волосами/Средства для окрашивания и тонирования волос;
НОВИНКИ";"Косметика и Уход/Уход за волосами/Средства для окрашивания и тонирования волос"
"BUSHIDO кофе растворимый Blak Katana Сублимированный 50 г";170284;"Продукты/Кофе, чай, какао, цикорий/Кофе;
НОВИНКИ";"Продукты/Кофе, чай, какао, цикорий/Кофе"
"ЖОКЕЙ кофе зерновой Классический 500 г";170283;"Продукты/Кофе, чай, какао, цикорий/Кофе;
НОВИНКИ";"Продукты/Кофе, чай, какао, цикорий/Кофе"
"BUSHIDO кофе растворимый Red katana Сублимированный 50 г";170286;"Продукты/Кофе, чай, какао, цикорий/Кофе;
НОВИНКИ";"Продукты/Кофе, чай, какао, цикорий/Кофе"
"TESS Подарочный набор чая в пакетиках Tess, 4 вида по 25 шт + кружка";170315;"Продукты/Кофе, чай, какао, цикорий/Чай;
НОВИНКИ";"Продукты/Кофе, чай, какао, цикорий/Чай"
"LINDT Шоколад молочный Creation Лимон 150гр";170357;"Продукты/Супы, соусы и специи/Суповые концентраты, пюре;
НОВИНКИ";"Продукты/Супы, соусы и специи/Суповые концентраты, пюре"
"PALETTE оттеночный бальзам Холодный блонд 150 мл";570075;"Косметика и Уход/Уход за волосами/Средства для окрашивания и тонирования волос;
НОВИНКИ";"Косметика и Уход/Уход за волосами/Средства для окрашивания и тонирования волос"
"PALETTE оттеночный бальзам Платиновый блонд 150мл";570077;"Косметика и Уход/Уход за волосами/Средства для окрашивания и тонирования волос;
НОВИНКИ";"Косметика и Уход/Уход за волосами/Средства для окрашивания и тонирования волос"
"PALETTE стойкая крем-краска 6-280 Темно-русый металлик 110 мл";570076;"Косметика и Уход/Уход за волосами/Средства для окрашивания и тонирования волос;
НОВИНКИ";"Косметика и Уход/Уход за волосами/Средства для окрашивания и тонирования волос"
"FOREST CLEAN жидкое мыло Яблоко 5 л";380136;"Средства гигиены/Душ и ванная/Жидкое мыло;
НОВИНКИ";"Средства гигиены/Душ и ванная/Жидкое мыло"
"EAGLE PREMIUM кофе растворимый 3 в 1 50 х 18 г";170285;"Продукты/Кофе, чай, какао, цикорий/Кофе;
НОВИНКИ";"Продукты/Кофе, чай, какао, цикорий/Кофе"
"DURU Fresh Sensations мыло Mountain Air 4*115г";380138;"Средства гигиены/Душ и ванная/Твердое мыло;
НОВИНКИ";"Средства гигиены/Душ и ванная/Твердое мыло"
"МИШКА БАРНИ сэндвич Какао с кусочками темного шоколада 180гр";170245;"Продукты/Кондитерские изделия/Печенье, пряники, вафли;
НОВИНКИ";"Продукты/Кондитерские изделия/Печенье, пряники, вафли"
"ЧИСТАЯ ЛИНИЯ Солнцезащитный спрей 20 SPF 160мл";570173;"Косметика и Уход/Уход за телом/Защита от солнца;
НОВИНКИ";"Косметика и Уход/Уход за телом/Защита от солнца"
"ГОНКИ Детский шампунь-гель 300 мл";570042;"Косметика и Уход/Для мужчин/Гели и мыло для душа;
НОВИНКИ";"Косметика и Уход/Для мужчин/Гели и мыло для душа"
"ПЕТРОВСКАЯ СЛОБОДА кофе растворимый 3в1 Сгущеное молоко 25 х 18 г";170289;"Продукты/Кофе, чай, какао, цикорий/Кофе;
НОВИНКИ";"Продукты/Кофе, чай, какао, цикорий/Кофе"
"МИШКА БАРНИ сэндвич Оригинальный вкус с кусочками темного шоколада 180гр";170244;"Продукты/Кондитерские изделия/Печенье, пряники, вафли;
НОВИНКИ";"Продукты/Кондитерские изделия/Печенье, пряники, вафли"
"ГОНКИ Детский гель для душа 300 мл";380131;"Средства гигиены/Душ и ванная/Гели для душа;
НОВИНКИ";"Средства гигиены/Душ и ванная/Гели для душа"
"EXPEL Жирогон Средство для устранения засоров от жира и пищевых остатков 2*50гр";460392;"Бытовая химия/Чистящие средства/Средства от засоров и для септиков;
НОВИНКИ";"Бытовая химия/Чистящие средства/Средства от засоров и для септиков"
"МАКФА рис Длиннозерный 800г";170192;"Продукты/Бакалея/Крупы, бобы;
НОВИНКИ";"Продукты/Бакалея/Крупы, бобы"
"KNORR Овощные чипсы 30г";170219;"Продукты/Бакалея/Снеки, чипсы;
НОВИНКИ";"Продукты/Бакалея/Снеки, чипсы"
"VILEDA перчатки Контракт резиновые M";250188;"Товары для дома/Инвентарь для уборки/Перчатки;
НОВИНКИ";"Товары для дома/Инвентарь для уборки/Перчатки"
"НЕПТУН Сайра НДМ №6 240г";170276;"Продукты/Консервированная продукция/Рыбные консервы;
НОВИНКИ";"Продукты/Консервированная продукция/Рыбные консервы"
"KNORR Томатный крем-суп 51г";170359;"Продукты/Супы, соусы и специи/Суповые концентраты, пюре;
НОВИНКИ";"Продукты/Супы, соусы и специи/Суповые концентраты, пюре"
"БИГ ЛАНЧ пюре картофельное в соусе с кусочками говядины 110 г";170360;"Продукты/Супы, соусы и специи/Суповые концентраты, пюре;
НОВИНКИ";"Продукты/Супы, соусы и специи/Суповые концентраты, пюре"
;;;" "
;;;" "
;;;" "
;;;" "
;;;" "
;;;" "
;;;" "
;;;" "
;;;" "
;;;" "
;;;" "
;;;" "
;;;" "
;;;" "
;;;" "
;;;" "
;;;" "
;;;" "
;;;" "
;;;" "
;;;" "
;;;" "
;;;" "
;;;" "
;;;" "
;;;" "
;;;" "
;;;" "
;;;" "
;;;" "
;;;" "
;;;" "
;;;" "
;;;" "
;;;" "
;;;" "
;;;" "
;;;" "
;;;" "
;;;" "
;;;" "
;;;" "
;;;" "
;;;" "
;;;" "
;;;" "
;;;" "
;;;" "
;;;" "
;;;" "
;;;" "
;;;" "
;;;" "
;;;" "
;;;" "
;;;" "
;;;" "
;;;" "
;;;" "
;;;" "
;;;" "
;;;" "
;;;" "
;;;" "
;;;" "
;;;" "
;;;" "
;;;" "
;;;" "
;;;" "
;;;" "
;;;" "
;;;" "
;;;" "
;;;" "
;;;" "
;;;" "
;;;" "
;;;" "
;;;" "
;;;" "
;;;" "
;;;" "
;;;" "
;;;" "
;;;" "
;;;" "
;;;" "
;;;" "
;;;" "
;;;" "
;;;" "
;;;" "
;;;" "
;;;" "
;;;" "
;;;" "
;;;" "
;;;" "
;;;" "
;;;" "
;;;" "
;;;" "
;;;" "
;;;" "
;;;" "
;;;" "
;;;" "
;;;" "
;;;" "
;;;" "
;;;" "
;;;" "
;;;" "
;;;" "
;;;" "
;;;" "
;;;" "
;;;" "
;;;" "
;;;" "
;;;" "
;;;" "
;;;" "
;;;" "
;;;" "
;;;" "
;;;" "
;;;" "
;;;" "
;;;" "
;;;" "
;;;" "
;;;" "
;;;" "
;;;" "
;;;" "
;;;" "
;;;" "
;;;" "
;;;" "
;;;" "
;;;" "
;;;" "
;;;" "
;;;" "
;;;" "
;;;" "
;;;" "
;;;" "
;;;" "
;;;" "
;;;" "
;;;" "
;;;" "
;;;" "
;;;" "
;;;" "
;;;" "
;;;" "
;;;" "
;;;" "
;;;" "
;;;" "
;;;" "
;;;" "
;;;" "
;;;" "
;;;" "
;;;" "
;;;" "
;;;" "
;;;" "
;;;" "
;;;" "
;;;" "
;;;" "
;;;" "
;;;" "
;;;" "
;;;" "
;;;" "
;;;" "
;;;" "
;;;" "
;;;" "
;;;" "
;;;" "
;;;" "
;;;" "
;;;" "
;;;" "
;;;" "
;;;" "
;;;" "
;;;" "
;;;" "
;;;" "
;;;" "
;;;" "
;;;" "
;;;" "
;;;" "
;;;" "
;;;" "
;;;" "
;;;" "
;;;" "
;;;" "
;;;" "
;;;" "
;;;" "
;;;" "
;;;" "
;;;" "
;;;" "
;;;" "
;;;" "
;;;" "
;;;" "
;;;" "
;;;" "
;;;" "
;;;" "
;;;" "
;;;" "
;;;" "
;;;" "
;;;" "
;;;" "
;;;" "
;;;" "
;;;" "
;;;" "
;;;" "
;;;" "
;;;" "
;;;" "
;;;" "
;;;" "
;;;" "
;;;" "
;;;" "
;;;" "
;;;" "
;;;" "
;;;" "
;;;" "
;;;" "
;;;" "
;;;" "
;;;" "
;;;" "
;;;" "
;;;" "
;;;" "
;;;" "
;;;" "
;;;" "
;;;" "
;;;" "
;;;" "
;;;" "
;;;" "
;;;" "
;;;" "
;;;" "
;;;" "
;;;" "
;;;" "
;;;" "
;;;" "
;;;" "
;;;" "
;;;" "
;;;" "
;;;" "
;;;" "
;;;" "
;;;" "
;;;" "
;;;" "
;;;" "
;;;" "
;;;" "
;;;" "
;;;" "
;;;" "
;;;" "
;;;" "
;;;" "
;;;" "
;;;" "
;;;" "
;;;" "
;;;" "
;;;" "
;;;" "
;;;" "
;;;" "
;;;" "
;;;" "
;;;" "
;;;" "
;;;" "
;;;" "
;;;" "
;;;" "
;;;" "
;;;" "
;;;" "
;;;" "
;;;" "
;;;" "
;;;" "
;;;" "
;;;" "
;;;" "
;;;" "
;;;" "
;;;" "
;;;" "
;;;" "
;;;" "
;;;" "
;;;" "
;;;" "
;;;" "
;;;" "
;;;" "
;;;" "
;;;" "
;;;" "
;;;" "
;;;" "
;;;" "
;;;" "
;;;" "
;;;" "
;;;" "
;;;" "
;;;" "
;;;" "
;;;" "
;;;" "
;;;" "
;;;" "
;;;" "
;;;" "
;;;" "
;;;" "
;;;" "
;;;" "
;;;" "
;;;" "
;;;" "
;;;" "
;;;" "
;;;" "
;;;" "
;;;" "
;;;" "
;;;" "
;;;" "
;;;" "
;;;" "
;;;" "
;;;" "
;;;" "
;;;" "
;;;" "
;;;" "
;;;" "
;;;" "
;;;" "
;;;" "
;;;" "
;;;" "
;;;" "
;;;" "
;;;" "
;;;" "
;;;" "
;;;" "
;;;" "
;;;" "
;;;" "
;;;" "
;;;" "
;;;" "
;;;" "
;;;" "
;;;" "
;;;" "
;;;" "
;;;" "
;;;" "
;;;" "
;;;" "
;;;" "
;;;" "
;;;" "
;;;" "
;;;" "
;;;" "
;;;" "
;;;" "
;;;" "
;;;" "
;;;" "
;;;" "
;;;" "
;;;" "
;;;" "
;;;" "
;;;" "
;;;" "
;;;" "
;;;" "
;;;" "
;;;" "
;;;" "
;;;" "
;;;" "
;;;" "
;;;" "
;;;" "
;;;" "
;;;" "
;;;" "
;;;" "
;;;" "
;;;" "
;;;" "
;;;" "
;;;" "
;;;" "
;;;" "
;;;" "
;;;" "
;;;" "
;;;" "
;;;" "
;;;" "
;;;" "
;;;" "
;;;" "
;;;" "
;;;" "
;;;" "
;;;" "
;;;" "
;;;" "
;;;" "
;;;" "
;;;" "
;;;" "
;;;" "
;;;" "
;;;" "
;;;" "
;;;" "
;;;" "
;;;" "
;;;" "
;;;" "
;;;" "
;;;" "
;;;" "
;;;" "
;;;" "
;;;" "
;;;" "
;;;" "
;;;" "
;;;" "
;;;" "
;;;" "
;;;" "
;;;" "
;;;" "
;;;" "
;;;" "
;;;" "
;;;" "
;;;" "
;;;" "
;;;" "
;;;" "
;;;" "
;;;" "
;;;" "
;;;" "
;;;" "
;;;" "
;;;" "
;;;" "
;;;" "
;;;" "
;;;" "
;;;" "
;;;" "
;;;" "
;;;" "
;;;" "
;;;" "
;;;" "
;;;" "
;;;" "
;;;" "
;;;" "
;;;" "
;;;" "
;;;" "
;;;" "
;;;" "
;;;" "
;;;" "
;;;" "
;;;" "
;;;" "
;;;" "
;;;" "
;;;" "
;;;" "
;;;" "
;;;" "
;;;" "
;;;" "
;;;" "
;;;" "
;;;" "
;;;" "
;;;" "
;;;" "
;;;" "
;;;" "
;;;" "
;;;" "
;;;" "
;;;" "
;;;" "
;;;" "
;;;" "
;;;" "
;;;" "
;;;" "
;;;" "
;;;" "
;;;" "
;;;" "
;;;" "
;;;" "
;;;" "
;;;" "
;;;" "
;;;" "
;;;" "
;;;" "
;;;" "
;;;" "
;;;" "
;;;" "
;;;" "
;;;" "
;;;" "
;;;" "
;;;" "
;;;" "
;;;" "
;;;" "
;;;" "
;;;" "
;;;" "
;;;" "
;;;" "
;;;" "
;;;" "
;;;" "
;;;" "
;;;" "
;;;" "
;;;" "
;;;" "
;;;" "
;;;" "
;;;" "
;;;" "
;;;" "
;;;" "
;;;" "
;;;" "
;;;" "
;;;" "
;;;" "
;;;" "
;;;" "
;;;" "
;;;" "
;;;" "
;;;" "
;;;" "
;;;" "
;;;" "
;;;" "
;;;" "
;;;" "
;;;" "
;;;" "
;;;" "
;;;" "
;;;" "
;;;" "
;;;" "
;;;" "
;;;" "
;;;" "
;;;" "
;;;" "
;;;" "
;;;" "
;;;" "
;;;" "
;;;" "
;;;" "
;;;" "
;;;" "
;;;" "
;;;" "
;;;" "
;;;" "
;;;" "
;;;" "
;;;" "
;;;" "
;;;" "
;;;" "
;;;" "
;;;" "
;;;" "
;;;" "
;;;" "
;;;" "
;;;" "
;;;" "
;;;" "
;;;" "
;;;" "
;;;" "
;;;" "
;;;" "
;;;" "
;;;" "
;;;" "
;;;" "
;;;" "
;;;" "
;;;" "
;;;" "
;;;" "
;;;" "
;;;" "
;;;" "
;;;" "
;;;" "
;;;" "
;;;" "
;;;" "
;;;" "
;;;" "
;;;" "
;;;" "
;;;" "
;;;" "
;;;" "
;;;" "
;;;" "
;;;" "
;;;" "
;;;" "
;;;" "
;;;" "
;;;" "
;;;" "
;;;" "
;;;" "
;;;" "
;;;" "
;;;" "
;;;" "
;;;" "
;;;" "
;;;" "
;;;" "
;;;" "
;;;" "
;;;" "
;;;" "
;;;" "
;;;" "
;;;" "
;;;" "
;;;" "
;;;" "
;;;" "
;;;" "
;;;" "
;;;" "
;;;" "
;;;" "
;;;" "
;;;" "
;;;" "
;;;" "
;;;" "
;;;" "
;;;" "
;;;" "
;;;" "
;;;" "
;;;" "
;;;" "
;;;" "
;;;" "
;;;" "
;;;" "
;;;" "
;;;" "
;;;" "
;;;" "
;;;" "
;;;" "
;;;" "
;;;" "
;;;" "
;;;" "
;;;" "
;;;" "
;;;" "
;;;" "
;;;" "
;;;" "
;;;" "
;;;" "
;;;" "
;;;" "
;;;" "
;;;" "
;;;" "
;;;" "
;;;" "
;;;" "
;;;" "
;;;" "
;;;" "
;;;" "
;;;" "
;;;" "
;;;" "
;;;" "
;;;" "
;;;" "
;;;" "
;;;" "
;;;" "
;;;" "
;;;" "
;;;" "
;;;" "
;;;" "
;;;" "
;;;" "
;;;" "
;;;" "
;;;" "
;;;" "
;;;" "
;;;" "
;;;" "
;;;" "
;;;" "
;;;" "
;;;" "
;;;" "
;;;" "
;;;" "
;;;" "
;;;" "
;;;" "
;;;" "
;;;" "
;;;" "
;;;" "
;;;" "
;;;" "
;;;" "
;;;" "
;;;" "
;;;" "
;;;" "
;;;" "
;;;" "
;;;" "
;;;" "
;;;" "
;;;" "
;;;" "
;;;" "
;;;" "
;;;" "
;;;" "
;;;" "
;;;" "
;;;" "
;;;" "
;;;" "
;;;" "
;;;" "
;;;" "
;;;" "
;;;" "
;;;" "
;;;" "
;;;" "
;;;" "
;;;" "
;;;" "
;;;" "
;;;" "
;;;" "
;;;" "
;;;" "
;;;" "
;;;" "
;;;" "
;;;" "
;;;" "
;;;" "
;;;" "
;;;" "
;;;" "
;;;" "
;;;" "
;;;" "
;;;" "
;;;" "
;;;" "
;;;" "
;;;" "
;;;" "
;;;" "
;;;" "
;;;" "
;;;" "
;;;" "
;;;" "
;;;" "
;;;" "
;;;" "
;;;" "
;;;" "
;;;" "
;;;" "
;;;" "
;;;" "
;;;" "
;;;" "
;;;" "
;;;" "
;;;" "
;;;" "
;;;" "
;;;" "
;;;" "
;;;" "
;;;" "
;;;" "
;;;" "
;;;" "
;;;" "
;;;" "
;;;" "
;;;" "
;;;" "
;;;" "
;;;" "
;;;" "
;;;" "
;;;" "
;;;" "
;;;" "
;;;" "
;;;" "
;;;" "
;;;" "
;;;" "
;;;" "
;;;" "
;;;" "
;;;" "
;;;" "
;;;" "
;;;" "
;;;" "
;;;" "
;;;" "
;;;" "
;;;" "
;;;" "
;;;" "
;;;" "
;;;" "
;;;" "
;;;" "
;;;" "
;;;" "
;;;" "
;;;" "
;;;" "
;;;" "
;;;" "
;;;" "
;;;" "
;;;" "
;;;" "
;;;" "
;;;" "
;;;" "
;;;" "
;;;" "
;;;" "
;;;" "
;;;" "
;;;" "
;;;" "
;;;" "
;;;" "
;;;" "
;;;" "
;;;" "
;;;" "
;;;" "
;;;" "
;;;" "
;;;" "
;;;" "
;;;" "
;;;" "
;;;" "
;;;" "
;;;" "
;;;" "
;;;" "
;;;" "
;;;" "
;;;" "
;;;" "
;;;" "
;;;" "
;;;" "
;;;" "
;;;" "
;;;" "
;;;" "
;;;" "
;;;" "
;;;" "
;;;" "
;;;" "
;;;" "
;;;" "
;;;" "
;;;" "
;;;" "
;;;" "
;;;" "
;;;" "
;;;" "
;;;" "
;;;" "
;;;" "
;;;" "
;;;" "
;;;" "
;;;" "
;;;" "
;;;" "
;;;" "
;;;" "
;;;" "
;;;" "
;;;" "
;;;" "
;;;" "
;;;" "
;;;" "
;;;" "
;;;" "
;;;" "
;;;" "
;;;" "
;;;" "
;;;" "
;;;" "
;;;" "
;;;" "
;;;" "
;;;" "
;;;" "
;;;" "
;;;" "
;;;" "
;;;" "
;;;" "
;;;" "
;;;" "
;;;" "
;;;" "
;;;" "
;;;" "
;;;" "
;;;" "
;;;" "
;;;" "
;;;" "
;;;" "
;;;" "
;;;" "
;;;" "
;;;" "
;;;" "
;;;" "
;;;" "
;;;" "
;;;" "
;;;" "
;;;" "
;;;" "
;;;" "
;;;" "
;;;" "
;;;" "
;;;" "
;;;" "
;;;" "
;;;" "
;;;" "
;;;" "
;;;" "
;;;" "
;;;" "
;;;" "
;;;" "
;;;" "
;;;" "
;;;" "
;;;" "
;;;" "
;;;" "
;;;" "
;;;" "
;;;" "
;;;" "
;;;" "
;;;" "
;;;" "
;;;" "
;;;" "
;;;" "
;;;" "
;;;" "
;;;" "
;;;" "
;;;" "
;;;" "
;;;" "
;;;" "
;;;" "
;;;" "
;;;" "
;;;" "
;;;" "
;;;" "
;;;" "
;;;" "
;;;" "
;;;" "
;;;" "
;;;" "
;;;" "
;;;" "
;;;" "
;;;" "
;;;" "
;;;" "
;;;" "
;;;" "
;;;" "
;;;" "
;;;" "
;;;" "
;;;" "
;;;" "
;;;" "
;;;" "
;;;" "
;;;" "
;;;" "
;;;" "
;;;" "
;;;" "
;;;" "
;;;" "
;;;" "
;;;" "
;;;" "
;;;" "
;;;" "
;;;" "
;;;" "
;;;" "
;;;" "
;;;" "
;;;" "
;;;" "
;;;" "
;;;" "
;;;" "
;;;" "
;;;" "
;;;" "
;;;" "
;;;" "
;;;" "
;;;" "
;;;" "
;;;" "
;;;" "
;;;" "
;;;" "
;;;" "
;;;" "
;;;" "
;;;" "
;;;" "
;;;" "
;;;" "
;;;" "
;;;" "
;;;" "
;;;" "
;;;" "
;;;" "
;;;" "
;;;" "
;;;" "
;;;" "
;;;" "
;;;" "
;;;" "
;;;" "
;;;" "
;;;" "
;;;" "
;;;" "
;;;" "
;;;" "
;;;" "
;;;" "
;;;" "
;;;" "
;;;" "
;;;" "
;;;" "
;;;" "
;;;" "
;;;" "
;;;" "
;;;" "
;;;" "
;;;" "
;;;" "
;;;" "
;;;" "
;;;" "
;;;" "
;;;" "
;;;" "
;;;" "
;;;" "
;;;" "
;;;" "
;;;" "
;;;" "
;;;" "
;;;" "
;;;" "
;;;" "
;;;" "
;;;" "
;;;" "
;;;" "
;;;" "
;;;" "
;;;" "
;;;" "
;;;" "
;;;" "
;;;" "
;;;" "
;;;" "
;;;" "
;;;" "
;;;" "
;;;" "
;;;" "
;;;" "
;;;" "
;;;" "
;;;" "
;;;" "
;;;" "
;;;" "
;;;" "
;;;" "
;;;" "
;;;" "
;;;" "
;;;" "
;;;" "
;;;" "
;;;" "
;;;" "
;;;" "
;;;" "
;;;" "
;;;" "
;;;" "
;;;" "
;;;" "
;;;" "
;;;" "
;;;" "
;;;" "
;;;" "
;;;" "
;;;" "
;;;" "
;;;" "
;;;" "
;;;" "
;;;" "
;;;" "
;;;" "
;;;" "
;;;" "
;;;" "
;;;" "
;;;" "
;;;" "
;;;" "
;;;" "
;;;" "
;;;" "
;;;" "
;;;" "
;;;" "
;;;" "
;;;" "
;;;" "
;;;" "
;;;" "
;;;" "
;;;" "
;;;" "
;;;" "
;;;" "
;;;" "
;;;" "
;;;" "
;;;" "
;;;" "
;;;" "
;;;" "
;;;" "
;;;" "
;;;" "
;;;" "
;;;" "
;;;" "
;;;" "
;;;" "
;;;" "
;;;" "
;;;" "
;;;" "
;;;" "
;;;" "
;;;" "
;;;" "
;;;" "
;;;" "
;;;" "
;;;" "
;;;" "
;;;" "
;;;" "
;;;" "
;;;" "
;;;" "
;;;" "
;;;" "
;;;" "
;;;" "
;;;" "
;;;" "
;;;" "
;;;" "
;;;" "
;;;" "
;;;" "
;;;" "
;;;" "
;;;" "
;;;" "
;;;" "
;;;" "
;;;" "
;;;" "
;;;" "
;;;" "
;;;" "
;;;" "
;;;" "
;;;" "
;;;" "
;;;" "
;;;" "
;;;" "
;;;" "
;;;" "
;;;" "
;;;" "
;;;" "
;;;" "
;;;" "
;;;" "
;;;" "
;;;" "
;;;" "
;;;" "
;;;" "
;;;" "
;;;" "
;;;" "
;;;" "
;;;" "
;;;" "
;;;" "
;;;" "
;;;" "
;;;" "
;;;" "
;;;" "
;;;" "
;;;" "
;;;" "
;;;" "
;;;" "
;;;" "
;;;" "
;;;" "
;;;" "
;;;" "
;;;" "
;;;" "
;;;" "
;;;" "
;;;" "
;;;" "
;;;" "
;;;" "
;;;" "
;;;" "
;;;" "
;;;" "
;;;" "
;;;" "
;;;" "
;;;" "
;;;" "
;;;" "
;;;" "
;;;" "
;;;" "
;;;" "
;;;" "
;;;" "
;;;" "
;;;" "
;;;" "
;;;" "
;;;" "
;;;" "
;;;" "
;;;" "
;;;" "
;;;" "
;;;" "
;;;" "
;;;" "
;;;" "
;;;" "
;;;" "
;;;" "
;;;" "
;;;" "
;;;" "
;;;" "
;;;" "
;;;" "
;;;" "
;;;" "
;;;" "
;;;" "
;;;" "
;;;" "
;;;" "
;;;" "
;;;" "
;;;" "
;;;" "
;;;" "
;;;" "
;;;" "
;;;" "
;;;" "
;;;" "
;;;" "
;;;" "
;;;" "
;;;" "
;;;" "
;;;" "
;;;" "
;;;" "
;;;" "
;;;" "
;;;" "
;;;" "
;;;" "
;;;" "
;;;" "
;;;" "
;;;" "
;;;" "
;;;" "
;;;" "
;;;" "
;;;" "
;;;" "
;;;" "
;;;" "
;;;" "
;;;" "
;;;" "
;;;" "
;;;" "
;;;" "
;;;" "
;;;" "
;;;" "
;;;" "
;;;" "
;;;" "
;;;" "
;;;" "
;;;" "
;;;" "
;;;" "
;;;" "
;;;" "
;;;" "
;;;" "
;;;" "
;;;" "
;;;" "
;;;" "
;;;" "
;;;" "
;;;" "
;;;" "
;;;" "
;;;" "
;;;" "
;;;" "
;;;" "
;;;" "
;;;" "
;;;" "
;;;" "
;;;" "
;;;" "
;;;" "
;;;" "
;;;" "
;;;" "
;;;" "
;;;" "
;;;" "
;;;" "
;;;" "
;;;" "
;;;" "
;;;" "
;;;" "
;;;" "
;;;" "
;;;" "
;;;" "
;;;" "
;;;" "
;;;" "
;;;" "
;;;" "
;;;" "
;;;" "
;;;" "
;;;" "
;;;" "
;;;" "
;;;" "
;;;" "
;;;" "
;;;" "
;;;" "
;;;" "
;;;" "
;;;" "
;;;" "
;;;" "
;;;" "
;;;" "
;;;" "
;;;" "
;;;" "
;;;" "
;;;" "
;;;" "
;;;" "
;;;" "
;;;" "
;;;" "
;;;" "
;;;" "
;;;" "
;;;" "
;;;" "
;;;" "
;;;" "
;;;" "
;;;" "
;;;" "
;;;" "
;;;" "
;;;" "
;;;" "
;;;" "
;;;" "
;;;" "
;;;" "
;;;" "
;;;" "
;;;" "
;;;" "
;;;" "
;;;" "
;;;" "
;;;" "
;;;" "
;;;" "
;;;" "
;;;" "
;;;" "
;;;" "
;;;" "
;;;" "
;;;" "
;;;" "
;;;" "
;;;" "
;;;" "
;;;" "
;;;" "
;;;" "
;;;" "
;;;" "
;;;" "
;;;" "
;;;" "
;;;" "
;;;" "
;;;" "
;;;" "
;;;" "
;;;" "
;;;" "
;;;" "
;;;" "
;;;" "
;;;" "
;;;" "
;;;" "
;;;" "
;;;" "
;;;" "
;;;" "
;;;" "
;;;" "
;;;" "
;;;" "
;;;" "
;;;" "
;;;" "
;;;" "
;;;" "
;;;" "
;;;" "
;;;" "
;;;" "
;;;" "
;;;" "
;;;" "
;;;" "
;;;" "
;;;" "
;;;" "
;;;" "
;;;" "
;;;" "
;;;" "
;;;" "
;;;" "
;;;" "
;;;" "
;;;" "
;;;" "
;;;" "
;;;" "
;;;" "
;;;" "
;;;" "
;;;" "
;;;" "
;;;" "
;;;" "
;;;" "
;;;" "
;;;" "
;;;" "
;;;" "
;;;" "
;;;" "
;;;" "
;;;" "
;;;" "
;;;" "
;;;" "
;;;" "
;;;" "
;;;" "
;;;" "
;;;" "
;;;" "
;;;" "
;;;" "
;;;" "
;;;" "
;;;" "
;;;" "
;;;" "
;;;" "
;;;" "
;;;" "
;;;" "
;;;" "
;;;" "
;;;" "
;;;" "
;;;" "
;;;" "
;;;" "
;;;" "
;;;" "
;;;" "
;;;" "
;;;" "
;;;" "
;;;" "
;;;" "
;;;" "
;;;" "
;;;" "
;;;" "
;;;" "
;;;" "
;;;" "
;;;" "
;;;" "
;;;" "
;;;" "
;;;" "
;;;" "
;;;" "
;;;" "
;;;" "
;;;" "
;;;" "
;;;" "
;;;" "
;;;" "
;;;" "
;;;" "
;;;" "
;;;" "
;;;" "
;;;" "
;;;" "
;;;" "
;;;" "
;;;" "
;;;" "
;;;" "
;;;" "
;;;" "
;;;" "
;;;" "
;;;" "
;;;" "
;;;" "
;;;" "
;;;" "
;;;" "
;;;" "
;;;" "
;;;" "
;;;" "
;;;" "
;;;" "
;;;" "
;;;" "
;;;" "
;;;" "
;;;" "
;;;" "
;;;" "
;;;" "
;;;" "
;;;" "
;;;" "
;;;" "
;;;" "
;;;" "
;;;" "
;;;" "
;;;" "
;;;" "
;;;" "
;;;" "
;;;" "
;;;" "
;;;" "
;;;" "
;;;" "
;;;" "
;;;" "
;;;" "
;;;" "
;;;" "
;;;" "
;;;" "
;;;" "
;;;" "
;;;" "
;;;" "
;;;" "
;;;" "
;;;" "
;;;" "
;;;" "
;;;" "
;;;" "
;;;" "
;;;" "
;;;" "
;;;" "
;;;" "
;;;" "
;;;" "
;;;" "
;;;" "
;;;" "
;;;" "
;;;" "
;;;" "
;;;" "
;;;" "
;;;" "
;;;" "
;;;" "
;;;" "
;;;" "
;;;" "
;;;" "
;;;" "
;;;" "
;;;" "
;;;" "
;;;" "
;;;" "
;;;" "
;;;" "
;;;" "
;;;" "
;;;" "
;;;" "
;;;" "
;;;" "
;;;" "
;;;" "
;;;" "
;;;" "
;;;" "
;;;" "
;;;" "
;;;" "
;;;" "
;;;" "
;;;" "
;;;" "
;;;" "
;;;" "
;;;" "
;;;" "
;;;" "
;;;" "
;;;" "
;;;" "
;;;" "
;;;" "
;;;" "
;;;" "
;;;" "
;;;" "
;;;" "
;;;" "
;;;" "
;;;" "
;;;" "
;;;" "
;;;" "
;;;" "
;;;" "
;;;" "
;;;" "
;;;" "
;;;" "
;;;" "
;;;" "
;;;" "
;;;" "
;;;" "
;;;" "
;;;" "
;;;" "
;;;" "
;;;" "
;;;" "
;;;" "
;;;" "
;;;" "
;;;" "
;;;" "
;;;" "
;;;" "
;;;" "
;;;" "
;;;" "
;;;" "
;;;" "
;;;" "
;;;" "
;;;" "
;;;" "
;;;" "
;;;" "
;;;" "
;;;" "
;;;" "
;;;" "
;;;" "
;;;" "
;;;" "
;;;" "
;;;" "
;;;" "
;;;" "
;;;" "
;;;" "
;;;" "
;;;" "
;;;" "
;;;" "
;;;" "
;;;" "
;;;" "
;;;" "
;;;" "
;;;" "
;;;" "
;;;" "
;;;" "
;;;" "
;;;" "
;;;" "
;;;" "
;;;" "
;;;" "
;;;" "
;;;" "
;;;" "
;;;" "
;;;" "
;;;" "
;;;" "
;;;" "
;;;" "
;;;" "
;;;" "
;;;" "
;;;" "
;;;" "
;;;" "
;;;" "
;;;" "
;;;" "
;;;" "
;;;" "
;;;" "
;;;" "
;;;" "
;;;" "
;;;" "
;;;" "
;;;" "
;;;" "
;;;" "
;;;" "
;;;" "
;;;" "
;;;" "
;;;" "
;;;" "
;;;" "
;;;" "
;;;" "
;;;" "
;;;" "
;;;" "
;;;" "
;;;" "
;;;" "
;;;" "
;;;" "
;;;" "
;;;" "
;;;" "
;;;" "
;;;" "
;;;" "
;;;" "
;;;" "
;;;" "
;;;" "
;;;" "
;;;" "
;;;" "
;;;" "
;;;" "
;;;" "
;;;" "
;;;" "
;;;" "
;;;" "
;;;" "
;;;" "
;;;" "
;;;" "
;;;" "
;;;" "
;;;" "
;;;" "
;;;" "
;;;" "
;;;" "
;;;" "
;;;" "
;;;" "
;;;" "
;;;" "
;;;" "
;;;" "
;;;" "
;;;" "
;;;" "
;;;" "
;;;" "
;;;" "
;;;" "
;;;" "
;;;" "
;;;" "
;;;" "
;;;" "
;;;" "
;;;" "
;;;" "
;;;" "
;;;" "
;;;" "
;;;" "
;;;" "
;;;" "
;;;" "
;;;" "
;;;" "
;;;" "
;;;" "
;;;" "
;;;" "
;;;" "
;;;" "
;;;" "
;;;" "
;;;" "
;;;" "
;;;" "
;;;" "
;;;" "
;;;" "
;;;" "
;;;" "
;;;" "
;;;" "
;;;" "
;;;" "
;;;" "
;;;" "
;;;" "
;;;" "
;;;" "
;;;" "
;;;" "
;;;" "
;;;" "
;;;" "
;;;" "
;;;" "
;;;" "
;;;" "
;;;" "
;;;" "
;;;" "
;;;" "
;;;" "
;;;" "
;;;" "
;;;" "
;;;" "
;;;" "
;;;" "
;;;" "
;;;" "
;;;" "
;;;" "
;;;" "
;;;" "
;;;" "
;;;" "
;;;" "
;;;" "
;;;" "
;;;" "
;;;" "
;;;" "
;;;" "
;;;" "
;;;" "
;;;" "
;;;" "
;;;" "
;;;" "
;;;" "
;;;" "
;;;" "
;;;" "
;;;" "
;;;" "
;;;" "
;;;" "
;;;" "
;;;" "
;;;" "
;;;" "
;;;" "
;;;" "
;;;" "
;;;" "
;;;" "
;;;" "
;;;" "
;;;" "
;;;" "
;;;" "
;;;" "
;;;" "
;;;" "
;;;" "
;;;" "
;;;" "
;;;" "
;;;" "
;;;" "
;;;" "
;;;" "
;;;" "
;;;" "
;;;" "
;;;" "
;;;" "
;;;" "
;;;" "
;;;" "
;;;" "
;;;" "
;;;" "
;;;" "
;;;" "
;;;" "
;;;" "
;;;" "
;;;" "
;;;" "
;;;" "
;;;" "
;;;" "
;;;" "
;;;" "
;;;" "
;;;" "
;;;" "
;;;" "
;;;" "
;;;" "
;;;" "
;;;" "
;;;" "
;;;" "
;;;" "
;;;" "
;;;" "
;;;" "
;;;" "
;;;" "
;;;" "
;;;" "
;;;" "
;;;" "
;;;" "
;;;" "
;;;" "
;;;" "
;;;" "
;;;" "
;;;" "
;;;" "
;;;" "
;;;" "
;;;" "
;;;" "
;;;" "
;;;" "
;;;" "
;;;" "
;;;" "
;;;" "
;;;" "
;;;" "
;;;" "
;;;" "
;;;" "
;;;" "
;;;" "
;;;" "
;;;" "
;;;" "
;;;" "
;;;" "
;;;" "
;;;" "
;;;" "
;;;" "
;;;" "
;;;" "
;;;" "
;;;" "
;;;" "
;;;" "
;;;" "
;;;" "
;;;" "
;;;" "
;;;" "
;;;" "
;;;" "
;;;" "
;;;" "
;;;" "
;;;" "
;;;" "
;;;" "
;;;" "
;;;" "
;;;" "
;;;" "
;;;" "
;;;" "
;;;" "
;;;" "
;;;" "
;;;" "
;;;" "
;;;" "
;;;" "
;;;" "
;;;" "
;;;" "
;;;" "
;;;" "
;;;" "
;;;" "
;;;" "
;;;" "
;;;" "
;;;" "
;;;" "
;;;" "
;;;" "
;;;" "
;;;" "
;;;" "
;;;" "
;;;" "
;;;" "
;;;" "
;;;" "
;;;" "
;;;" "
;;;" "
;;;" "
;;;" "
;;;" "
;;;" "
;;;" "
;;;" "
;;;" "
;;;" "
;;;" "
;;;" "
;;;" "
;;;" "
;;;" "
;;;" "
;;;" "
;;;" "
;;;" "
;;;" "
;;;" "
;;;" "
;;;" "
;;;" "
;;;" "
;;;" "
;;;" "
;;;" "
;;;" "
;;;" "
;;;" "
;;;" "
;;;" "
;;;" "
;;;" "
;;;" "
;;;" "
;;;" "
;;;" "
;;;" "
;;;" "
;;;" "
;;;" "
;;;" "
;;;" "
;;;" "
;;;" "
;;;" "
;;;" "
;;;" "
;;;" "
;;;" "
;;;" "
;;;" "
;;;" "
;;;" "
;;;" "
;;;" "
;;;" "
;;;" "
;;;" "
;;;" "
;;;" "
;;;" "
;;;" "
;;;" "
;;;" "
;;;" "
;;;" "
;;;" "
;;;" "
;;;" "
;;;" "
;;;" "
;;;" "
;;;" "
;;;" "
;;;" "
;;;" "
;;;" "
;;;" "
;;;" "
;;;" "
;;;" "
;;;" "
;;;" "
;;;" "
;;;" "
;;;" "
;;;" "
;;;" "
;;;" "
;;;" "
;;;" "
;;;" "
;;;" "
;;;" "
;;;" "
;;;" "
;;;" "
;;;" "
;;;" "
;;;" "
;;;" "
;;;" "
;;;" "
;;;" "
;;;" "
;;;" "
;;;" "
;;;" "
;;;" "
;;;" "
;;;" "
;;;" "
;;;" "
;;;" "
;;;" "
;;;" "
;;;" "
;;;" "
;;;" "
;;;" "
;;;" "
;;;" "
;;;" "
;;;" "
;;;" "
;;;" "
;;;" "
;;;" "
;;;" "
;;;" "
;;;" "
;;;" "
;;;" "
;;;" "
;;;" "
;;;" "
;;;" "
;;;" "
;;;" "
;;;" "
;;;" "
;;;" "
;;;" "
;;;" "
;;;" "
;;;" "
;;;" "
;;;" "
;;;" "
;;;" "
;;;" "
;;;" "
;;;" "
;;;" "
;;;" "
;;;" "
;;;" "
;;;" "
;;;" "
;;;" "
;;;" "
;;;" "
;;;" "
;;;" "
;;;" "
;;;" "
;;;" "
;;;" "
;;;" "
;;;" "
;;;" "
;;;" "
;;;" "
;;;" "
;;;" "
;;;" "
;;;" "
;;;" "
;;;" "
;;;" "
;;;" "
;;;" "
;;;" "
;;;" "
;;;" "
;;;" "
;;;" "
;;;" "
;;;" "
;;;" "
;;;" "
;;;" "
;;;" "
;;;" "
;;;" "
;;;" "
;;;" "
;;;" "
;;;" "
;;;" "
;;;" "
;;;" "
;;;" "
;;;" "
;;;" "
;;;" "
;;;" "
;;;" "
;;;" "
;;;" "
;;;" "
;;;" "
;;;" "
;;;" "
;;;" "
;;;" "
;;;" "
;;;" "
;;;" "
;;;" "
;;;" "
;;;" "
;;;" "
;;;" "
;;;" "
;;;" "
;;;" "
;;;" "
;;;" "
;;;" "
;;;" "
;;;" "
;;;" "
;;;" "
;;;" "
;;;" "
;;;" "
;;;" "
;;;" "
;;;" "
;;;" "
;;;" "
;;;" "
;;;" "
;;;" "
;;;" "
;;;" "
;;;" "
;;;" "
;;;" "
;;;" "
;;;" "
;;;" "
;;;" "
;;;" "
;;;" "
;;;" "
;;;" "
;;;" "
;;;" "
;;;" "
;;;" "
;;;" "
;;;" "
;;;" "
;;;" "
;;;" "
;;;" "
;;;" "
;;;" "
;;;" "
;;;" "
;;;" "
;;;" "
;;;" "
;;;" "
;;;" "
;;;" "
;;;" "
;;;" "
;;;" "
;;;" "
;;;" "
;;;" "
;;;" "
;;;" "
;;;" "
;;;" "
;;;" "
;;;" "
;;;" "
;;;" "
;;;" "
;;;" "
;;;" "
;;;" "
;;;" "
;;;" "
;;;" "
;;;" "
;;;" "
;;;" "
;;;" "
;;;" "
;;;" "
;;;" "
;;;" "
;;;" "
;;;" "
;;;" "
;;;" "
;;;" "
;;;" "
;;;" "
;;;" "
;;;" "
;;;" "
;;;" "
;;;" "
;;;" "
;;;" "
;;;" "
;;;" "
;;;" "
;;;" "
;;;" "
;;;" "
;;;" "
;;;" "
;;;" "
;;;" "
;;;" "
;;;" "
;;;" "
;;;" "
;;;" "
;;;" "
;;;" "
;;;" "
;;;" "
;;;" "
;;;" "
;;;" "
;;;" "
;;;" "
;;;" "
;;;" "
;;;" "
;;;" "
;;;" "
;;;" "
;;;" "
;;;" "
;;;" "
;;;" "
;;;" "
;;;" "
;;;" "
;;;" "
;;;" "
;;;" "
;;;" "
;;;" "
;;;" "
;;;" "
;;;" "
;;;" "
;;;" "
;;;" "
;;;" "
;;;" "
;;;" "
;;;" "
;;;" "
;;;" "
;;;" "
;;;" "
;;;" "
;;;" "
;;;" "
;;;" "
;;;" "
;;;" "
;;;" "
;;;" "
;;;" "
;;;" "
;;;" "
;;;" "
;;;" "
;;;" "
;;;" "
;;;" "
;;;" "
;;;" "
;;;" "
;;;" "
;;;" "
;;;" "
;;;" "
;;;" "
;;;" "
;;;" "
;;;" "
;;;" "
;;;" "
;;;" "
;;;" "
;;;" "
;;;" "
;;;" "
;;;" "
;;;" "
;;;" "
;;;" "
;;;" "
;;;" "
;;;" "
;;;" "
;;;" "
;;;" "
;;;" "
;;;" "
;;;" "
;;;" "
;;;" "
;;;" "
;;;" "
;;;" "
;;;" "
;;;" "
;;;" "
;;;" "
;;;" "
;;;" "
;;;" "
;;;" "
;;;" "
;;;" "
;;;" "
;;;" "
;;;" "
;;;" "
;;;" "
;;;" "
;;;" "
;;;" "
;;;" "
;;;" "
;;;" "
;;;" "
;;;" "
;;;" "
;;;" "
;;;" "
;;;" "
;;;" "
;;;" "
;;;" "
;;;" "
;;;" "
;;;" "
;;;" "
;;;" "
;;;" "
;;;" "
;;;" "
;;;" "
;;;" "
;;;" "
;;;" "
;;;" "
;;;" "
;;;" "
;;;" "
;;;" "
;;;" "
;;;" "
;;;" "
;;;" "
;;;" "
;;;" "
;;;" "
;;;" "
;;;" "
;;;" "
;;;" "
;;;" "
;;;" "
;;;" "
;;;" "
;;;" "
;;;" "
;;;" "
;;;" "
;;;" "
;;;" "
;;;" "
;;;" "
;;;" "
;;;" "
;;;" "
;;;" "
;;;" "
;;;" "
;;;" "
;;;" "
;;;" "
;;;" "
;;;" "
;;;" "
;;;" "
;;;" "
;;;" "
;;;" "
;;;" "
;;;" "
;;;" "
;;;" "
;;;" "
;;;" "
;;;" "
;;;" "
;;;" "
;;;" "
;;;" "
;;;" "
;;;" "
;;;" "
;;;" "
;;;" "
;;;" "
;;;" "
;;;" "
;;;" "
;;;" "
;;;" "
;;;" "
;;;" "
;;;" "
;;;" "
;;;" "
;;;" "
;;;" "
;;;" "
;;;" "
;;;" "
;;;" "
;;;" "
;;;" "
;;;" "
;;;" "
;;;" "
;;;" "
;;;" "
;;;" "
;;;" "
;;;" "
;;;" "
;;;" "
;;;" "
;;;" "
;;;" "
;;;" "
;;;" "
;;;" "
;;;" "
;;;" "
;;;" "
;;;" "
;;;" "
;;;" "
;;;" "
;;;" "
;;;" "
;;;" "
;;;" "
;;;" "
;;;" "
;;;" "
;;;" "
;;;" "
;;;" "
;;;" "
;;;" "
;;;" "
;;;" "
;;;" "
;;;" "
;;;" "
;;;" "
;;;" "
;;;" "
;;;" "
;;;" "
;;;" "
;;;" "
;;;" "
;;;" "
;;;" "
;;;" "
;;;" "
;;;" "
;;;" "
;;;" "
;;;" "
;;;" "
;;;" "
;;;" "
;;;" "
;;;" "
;;;" "
;;;" "
;;;" "
;;;" "
;;;" "
;;;" "
;;;" "
;;;" "
;;;" "
;;;" "
;;;" "
;;;" "
;;;" "
;;;" "
;;;" "
;;;" "
;;;" "
;;;" "
;;;" "
;;;" "
;;;" "
;;;" "
;;;" "
;;;" "
;;;" "
;;;" "
;;;" "
;;;" "
;;;" "
;;;" "
;;;" "
;;;" "
;;;" "
;;;" "
;;;" "
;;;" "
;;;" "
;;;" "
;;;" "
;;;" "
;;;" "
;;;" "
;;;" "
;;;" "
;;;" "
;;;" "
;;;" "
;;;" "
;;;" "
;;;" "
;;;" "
;;;" "
;;;" "
;;;" "
;;;" "
;;;" "
;;;" "
;;;" "
;;;" "
;;;" "
;;;" "
;;;" "
;;;" "
;;;" "
;;;" "
;;;" "
;;;" "
;;;" "
;;;" "
;;;" "
;;;" "
;;;" "
;;;" "
;;;" "
;;;" "
;;;" "
;;;" "
;;;" "
;;;" "
;;;" "
;;;" "
;;;" "
;;;" "
;;;" "
;;;" "
;;;" "
;;;" "
;;;" "
;;;" "
;;;" "
;;;" "
;;;" "
;;;" "
;;;" "
;;;" "
;;;" "
;;;" "
;;;" "
;;;" "
;;;" "
;;;" "
;;;" "
;;;" "
;;;" "
;;;" "
;;;" "
;;;" "
;;;" "
;;;" "
;;;" "
;;;" "
;;;" "
;;;" "
;;;" "
;;;" "
;;;" "
;;;" "
;;;" "
;;;" "
;;;" "
;;;" "
;;;" "
;;;" "
;;;" "
;;;" "
;;;" "
;;;" "
;;;" "
;;;" "
;;;" "
;;;" "
;;;" "
;;;" "
;;;" "
;;;" "
;;;" "
;;;" "
;;;" "
;;;" "
;;;" "
;;;" "
;;;" "
;;;" "
;;;" "
;;;" "
;;;" "
;;;" "
;;;" "
;;;" "
;;;" "
;;;" "
;;;" "
;;;" "
;;;" "
;;;" "
;;;" "
;;;" "
;;;" "
;;;" "
;;;" "
;;;" "
;;;" "
;;;" "
;;;" "
;;;" "
;;;" "
;;;" "
;;;" "
;;;" "
;;;" "
;;;" "
;;;" "
;;;" "
;;;" "
;;;" "
;;;" "
;;;" "
;;;" "
;;;" "
;;;" "
;;;" "
;;;" "
;;;" "
;;;" "
;;;" "
;;;" "
;;;" "
;;;" "
;;;" "
;;;" "
;;;" "
;;;" "
;;;" "
;;;" "
;;;" "
;;;" "
;;;" "
;;;" "
;;;" "
;;;" "
;;;" "
;;;" "
;;;" "
;;;" "
;;;" "
;;;" "
;;;" "
;;;" "
;;;" "
;;;" "
;;;" "
;;;" "
;;;" "
;;;" "
;;;" "
;;;" "
;;;" "
;;;" "
;;;" "
;;;" "
;;;" "
;;;" "
;;;" "
;;;" "
;;;" "
;;;" "
;;;" "
;;;" "
;;;" "
;;;" "
;;;" "
;;;" "
;;;" "
;;;" "
;;;" "
;;;" "
;;;" "
;;;" "
;;;" "
;;;" "
;;;" "
;;;" "
;;;" "
;;;" "
;;;" "
;;;" "
;;;" "
;;;" "
;;;" "
;;;" "
;;;" "
;;;" "
;;;" "
;;;" "
;;;" "
;;;" "
;;;" "
;;;" "
;;;" "
;;;" "
;;;" "
;;;" "
;;;" "
;;;" "
;;;" "
;;;" "
;;;" "
;;;" "
;;;" "
;;;" "
;;;" "
;;;" "
;;;" "
;;;" "
;;;" "
;;;" "
;;;" "
;;;" "
;;;" "
;;;" "
;;;" "
;;;" "
;;;" "
;;;" "
;;;" "
;;;" "
;;;" "
;;;" "
;;;" "
;;;" "
;;;" "
;;;" "
;;;" "
;;;" "
;;;" "
;;;" "
;;;" "
;;;" "
;;;" "
;;;" "
;;;" "
;;;" "
;;;" "
;;;" "
;;;" "
;;;" "
;;;" "
;;;" "
;;;" "
;;;" "
;;;" "
;;;" "
;;;" "
;;;" "
;;;" "
;;;" "
;;;" "
;;;" "
;;;" "
;;;" "
;;;" "
;;;" "
;;;" "
;;;" "
;;;" "
;;;" "
;;;" "
;;;" "
;;;" "
;;;" "
;;;" "
;;;" "
;;;" "
;;;" "
;;;" "
;;;" "
;;;" "
;;;" "
;;;" "
;;;" "
;;;" "
;;;" "
;;;" "
;;;" "
;;;" "
;;;" "
;;;" "
;;;" "
;;;" "
;;;" "
;;;" "
;;;" "
;;;" "
;;;" "
;;;" "
;;;" "
;;;" "
;;;" "
;;;" "
;;;" "
;;;" "
;;;" "
;;;" "
;;;" "
;;;" "
;;;" "
;;;" "
;;;" "
;;;" "
;;;" "
;;;" "
;;;" "
;;;" "
;;;" "
;;;" "
;;;" "
;;;" "
;;;" "
;;;" "
;;;" "
;;;" "
;;;" "
;;;" "
;;;" "
;;;" "
;;;" "
;;;" "
;;;" "
;;;" "
;;;" "
;;;" "
;;;" "
;;;" "
;;;" "
;;;" "
;;;" "
;;;" "
;;;" "
;;;" "
;;;" "
;;;" "
;;;" "
;;;" "
;;;" "
;;;" "
;;;" "
;;;" "
;;;" "
;;;" "
;;;" "
;;;" "
;;;" "
;;;" "
;;;" "
;;;" "
;;;" "
;;;" "
;;;" "
;;;" "
;;;" "
;;;" "
;;;" "
;;;" "
;;;" "
;;;" "
;;;" "
;;;" "
;;;" "
;;;" "
;;;" "
;;;" "
;;;" "
;;;" "
;;;" "
;;;" "
;;;" "
;;;" "
;;;" "
;;;" "
;;;" "
;;;" "
;;;" "
;;;" "
;;;" "
;;;" "
;;;" "
;;;" "
;;;" "
;;;" "
;;;" "
;;;" "
;;;" "
;;;" "
;;;" "
;;;" "
;;;" "
;;;" "
;;;" "
;;;" "
;;;" "
;;;" "
;;;" "
;;;" "
;;;" "
;;;" "
;;;" "
;;;" "
;;;" "
;;;" "
;;;" "
;;;" "
;;;" "
;;;" "
;;;" "
;;;" "
;;;" "
;;;" "
;;;" "
;;;" "
;;;" "
;;;" "
;;;" "
;;;" "
;;;" "
;;;" "
;;;" "
;;;" "
;;;" "
;;;" "
;;;" "
;;;" "
;;;" "
;;;" "
;;;" "
;;;" "
;;;" "
;;;" "
;;;" "
;;;" "
;;;" "
;;;" "
;;;" "
;;;" "
;;;" "
;;;" "
;;;" "
;;;" "
;;;" "
;;;" "
;;;" "
;;;" "
;;;" "
;;;" "
;;;" "
;;;" "
;;;" "
;;;" "
;;;" "
;;;" "
;;;" "
;;;" "
;;;" "
;;;" "
;;;" "
;;;" "
;;;" "
;;;" "
;;;" "
;;;" "
;;;" "
;;;" "
;;;" "
;;;" "
;;;" "
;;;" "
;;;" "
;;;" "
;;;" "
;;;" "
;;;" "
;;;" "
;;;" "
;;;" "
;;;" "
;;;" "
;;;" "
;;;" "
;;;" "
;;;" "
;;;" "
;;;" "
;;;" "
;;;" "
;;;" "
;;;" "
;;;" "
;;;" "
;;;" "
;;;" "
;;;" "
;;;" "
;;;" "
;;;" "
;;;" "
;;;" "
;;;" "
;;;" "
;;;" "
;;;" "
;;;" "
;;;" "
;;;" "
;;;" "
;;;" "
;;;" "
;;;" "
;;;" "
;;;" "
;;;" "
;;;" "
;;;" "
;;;" "
;;;" "
;;;" "
;;;" "
;;;" "
;;;" "
;;;" "
;;;" "
;;;" "
;;;" "
;;;" "
;;;" "
;;;" "
;;;" "
;;;" "
;;;" "
;;;" "
;;;" "
;;;" "
;;;" "
;;;" "
;;;" "
;;;" "
;;;" "
;;;" "
;;;" "
;;;" "
;;;" "
;;;" "
;;;" "
;;;" "
;;;" "
;;;" "
;;;" "
;;;" "
;;;" "
;;;" "
;;;" "
;;;" "
;;;" "
;;;" "
;;;" "
;;;" "
;;;" "
;;;" "
;;;" "
;;;" "
;;;" "
;;;" "
;;;" "
;;;" "
;;;" "
;;;" "
;;;" "
;;;" "
;;;" "
;;;" "
;;;" "
;;;" "
;;;" "
;;;" "
;;;" "
;;;" "
;;;" "
;;;" "
;;;" "
;;;" "
;;;" "
;;;" "
;;;" "
;;;" "
;;;" "
;;;" "
;;;" "
;;;" "
;;;" "
;;;" "
;;;" "
;;;" "
;;;" "
;;;" "
;;;" "
;;;" "
;;;" "
;;;" "
;;;" "
;;;" "
;;;" "
;;;" "
;;;" "
;;;" "
;;;" "
;;;" "
;;;" "
;;;" "
;;;" "
;;;" "
;;;" "
;;;" "
;;;" "
;;;" "
;;;" "
;;;" "
;;;" "
;;;" "
;;;" "
;;;" "
;;;" "
;;;" "
;;;" "
;;;" "
;;;" "
;;;" "
;;;" "
;;;" "
;;;" "
;;;" "
;;;" "
;;;" "
;;;" "
;;;" "
;;;" "
;;;" "
;;;" "
;;;" "
;;;" "
;;;" "
;;;" "
;;;" "
;;;" "
;;;" "
;;;" "
;;;" "
;;;" "
;;;" "
;;;" "
;;;" "
;;;" "
;;;" "
;;;" "
;;;" "
;;;" "
;;;" "
;;;" "
;;;" "
;;;" "
;;;" "
;;;" "
;;;" "
;;;" "
;;;" "
;;;" "
;;;" "
;;;" "
;;;" "
;;;" "
;;;" "
;;;" "
;;;" "
;;;" "
;;;" "
;;;" "
;;;" "
;;;" "
;;;" "
;;;" "
;;;" "
;;;" "
;;;" "
;;;" "
;;;" "
;;;" "
;;;" "
;;;" "
;;;" "
;;;" "
;;;" "
;;;" "
;;;" "
;;;" "
;;;" "
;;;" "
;;;" "
;;;" "
;;;" "
;;;" "
;;;" "
;;;" "
;;;" "
;;;" "
;;;" "
;;;" "
;;;" "
;;;" "
;;;" "
;;;" "
;;;" "
;;;" "
;;;" "
;;;" "
;;;" "
;;;" "
;;;" "
;;;" "
;;;" "
;;;" "
;;;" "
;;;" "
;;;" "
;;;" "
;;;" "
;;;" "
;;;" "
;;;" "
;;;" "
;;;" "
;;;" "
;;;" "
;;;" "
;;;" "
;;;" "
;;;" "
;;;" "
;;;" "
;;;" "
;;;" "
;;;" "
;;;" "
;;;" "
;;;" "
;;;" "
;;;" "
;;;" "
;;;" "
;;;" "
;;;" "
;;;" "
;;;" "
;;;" "
;;;" "
;;;" "
;;;" "
;;;" "
;;;" "
;;;" "
;;;" "
;;;" "
;;;" "
;;;" "
;;;" "
;;;" "
;;;" "
;;;" "
;;;" "
;;;" "
;;;" "
;;;" "
;;;" "
;;;" "
;;;" "
;;;" "
;;;" "
;;;" "
;;;" "
;;;" "
;;;" "
;;;" "
;;;" "
;;;" "
;;;" "
;;;" "
;;;" "
;;;" "
;;;" "
;;;" "
;;;" "
;;;" "
;;;" "
;;;" "
;;;" "
;;;" "
;;;" "
;;;" "
;;;" "
;;;" "
;;;" "
;;;" "
;;;" "
;;;" "
;;;" "
;;;" "
;;;" "
;;;" "
;;;" "
;;;" "
;;;" "
;;;" "
;;;" "
;;;" "
;;;" "
;;;" "
;;;" "
;;;" "
;;;" "
;;;" "
;;;" "
;;;" "
;;;" "
;;;" "
;;;" "
;;;" "
;;;" "
;;;" "
;;;" "
;;;" "
;;;" "
;;;" "
;;;" "
;;;" "
;;;" "
;;;" "
;;;" "
;;;" "
;;;" "
;;;" "
;;;" "
;;;" "
;;;" "
;;;" "
;;;" "
;;;" "
;;;" "
;;;" "
;;;" "
;;;" "
;;;" "
;;;" "
;;;" "
;;;" "
;;;" "
;;;" "
;;;" "
;;;" "
;;;" "
;;;" "
;;;" "
;;;" "
;;;" "
;;;" "
;;;" "
;;;" "
;;;" "
;;;" "
;;;" "
;;;" "
;;;" "
;;;" "
;;;" "
;;;" "
;;;" "
;;;" "
;;;" "
;;;" "
;;;" "
;;;" "
;;;" "
;;;" "
;;;" "
;;;" "
;;;" "
;;;" "
;;;" "
;;;" "
;;;" "
;;;" "
;;;" "
;;;" "
;;;" "
;;;" "
;;;" "
;;;" "
;;;" "
;;;" "
;;;" "
;;;" "
;;;" "
;;;" "
;;;" "
;;;" "
;;;" "
;;;" "
;;;" "
;;;" "
;;;" "
;;;" "
;;;" "
;;;" "
;;;" "
;;;" "
;;;" "
;;;" "
;;;" "
;;;" "
;;;" "
;;;" "
;;;" "
;;;" "
;;;" "
;;;" "
;;;" "
;;;" "
;;;" "
;;;" "
;;;" "
;;;" "
;;;" "
;;;" "
;;;" "
;;;" "
;;;" "
;;;" "
;;;" "
;;;" "
;;;" "
;;;" "
;;;" "
;;;" "
;;;" "
;;;" "
;;;" "
;;;" "
;;;" "
;;;" "
;;;" "
;;;" "
;;;" "
;;;" "
;;;" "
;;;" "
;;;" "
;;;" "
;;;" "
;;;" "
;;;" "
;;;" "
;;;" "
;;;" "
;;;" "
;;;" "
;;;" "
;;;" "
;;;" "
;;;" "
;;;" "
;;;" "
;;;" "
;;;" "
;;;" "
;;;" "
;;;" "
;;;" "
;;;" "
;;;" "
;;;" "
;;;" "
;;;" "
;;;" "
;;;" "
;;;" "
;;;" "
;;;" "
;;;" "
;;;" "
;;;" "
;;;" "
;;;" "
;;;" "
;;;" "
;;;" "
;;;" "
;;;" "
;;;" "
;;;" "
;;;" "
;;;" "
;;;" "
;;;" "
;;;" "
;;;" "
;;;" "
;;;" "
;;;" "
;;;" "
;;;" "
;;;" "
;;;" "
;;;" "
;;;" "
;;;" "
;;;" "
;;;" "
;;;" "
;;;" "
;;;" "
;;;" "
;;;" "
;;;" "
;;;" "
;;;" "
;;;" "
;;;" "
;;;" "
;;;" "
;;;" "
;;;" "
;;;" "
;;;" "
;;;" "
;;;" "
;;;" "
;;;" "
;;;" "
;;;" "
;;;" "
;;;" "
;;;" "
;;;" "
;;;" "
;;;" "
;;;" "
;;;" "
;;;" "
;;;" "
;;;" "
;;;" "
;;;" "
;;;" "
;;;" "
;;;" "
;;;" "
;;;" "
;;;" "
;;;" "
;;;" "
;;;" "
;;;" "
;;;" "
;;;" "
;;;" "
;;;" "
;;;" "
;;;" "
;;;" "
;;;" "
;;;" "
;;;" "
;;;" "
;;;" "
;;;" "
;;;" "
;;;" "
;;;" "
;;;" "
;;;" "
;;;" "
;;;" "
;;;" "
;;;" "
;;;" "
;;;" "
;;;" "
;;;" "
;;;" "
;;;" "
;;;" "
;;;" "
;;;" "
;;;" "
;;;" "
;;;" "
;;;" "
;;;" "
;;;" "
;;;" "
;;;" "
;;;" "
;;;" "
;;;" "
;;;" "
;;;" "
;;;" "
;;;" "
;;;" "
;;;" "
;;;" "
;;;" "
;;;" "
;;;" "
;;;" "
;;;" "
;;;" "
;;;" "
;;;" "
;;;" "
;;;" "
;;;" "
;;;" "
;;;" "
;;;" "
;;;" "
;;;" "
;;;" "
;;;" "
;;;" "
;;;" "
;;;" "
;;;" "
;;;" "
;;;" "
;;;" "
;;;" "
;;;" "
;;;" "
;;;" "
;;;" "
;;;" "
;;;" "
;;;" "
;;;" "
;;;" "
;;;" "
;;;" "
;;;" "
;;;" "
;;;" "
;;;" "
;;;" "
;;;" "
;;;" "
;;;" "
;;;" "
;;;" "
;;;" "
;;;" "
;;;" "
;;;" "
;;;" "
;;;" "
;;;" "
;;;" "
;;;" "
;;;" "
;;;" "
;;;" "
;;;" "
;;;" "
;;;" "
;;;" "
;;;" "
;;;" "
;;;" "
;;;" "
;;;" "
;;;" "
;;;" "
;;;" "
;;;" "
;;;" "
;;;" "
;;;" "
;;;" "
;;;" "
;;;" "
;;;" "
;;;" "
;;;" "
;;;" "
;;;" "
;;;" "
;;;" "
;;;" "
;;;" "
;;;" "
;;;" "
;;;" "
;;;" "
;;;" "
;;;" "
;;;" "
;;;" "
;;;" "
;;;" "
;;;" "
;;;" "
;;;" "
;;;" "
;;;" "
;;;" "
;;;" "
;;;" "
;;;" "
;;;" "
;;;" "
;;;" "
;;;" "
;;;" "
;;;" "
;;;" "
;;;" "
;;;" "
;;;" "
;;;" "
;;;" "
;;;" "
;;;" "
;;;" "
;;;" "
;;;" "
;;;" "
;;;" "
;;;" "
;;;" "
;;;" "
;;;" "
;;;" "
;;;" "
;;;" "
;;;" "
;;;" "
;;;" "
;;;" "
;;;" "
;;;" "
;;;" "
;;;" "
;;;" "
;;;" "
;;;" "
;;;" "
;;;" "
;;;" "
;;;" "
;;;" "
;;;" "
;;;" "
;;;" "
;;;" "
;;;" "
;;;" "
;;;" "
;;;" "
;;;" "
;;;" "
;;;" "
;;;" "
;;;" "
;;;" "
;;;" "
;;;" "
;;;" "
;;;" "
;;;" "
;;;" "
;;;" "
;;;" "
;;;" "
;;;" "
;;;" "
;;;" "
;;;" "
;;;" "
;;;" "
;;;" "
;;;" "
;;;" "
;;;" "
;;;" "
;;;" "
;;;" "
;;;" "
;;;" "
;;;" "
;;;" "
;;;" "
;;;" "
;;;" "
;;;" "
;;;" "
;;;" "
;;;" "
;;;" "
;;;" "
;;;" "
;;;" "
;;;" "
;;;" "
;;;" "
;;;" "
;;;" "
;;;" "
;;;" "
;;;" "
;;;" "
;;;" "
;;;" "
;;;" "
;;;" "
;;;" "
;;;" "
;;;" "
;;;" "
;;;" "
;;;" "
;;;" "
;;;" "
;;;" "
;;;" "
;;;" "
;;;" "
;;;" "
;;;" "
;;;" "
;;;" "
;;;" "
;;;" "
;;;" "
;;;" "
;;;" "
;;;" "
;;;" "
;;;" "
;;;" "
;;;" "
;;;" "
;;;" "
;;;" "
;;;" "
;;;" "
;;;" "
;;;" "
;;;" "
;;;" "
;;;" "
;;;" "
;;;" "
;;;" "
;;;" "
;;;" "
;;;" "
;;;" "
;;;" "
;;;" "
;;;" "
;;;" "
;;;" "
;;;" "
;;;" "
;;;" "
;;;" "
;;;" "
;;;" "
;;;" "
;;;" "
;;;" "
;;;" "
;;;" "
;;;" "
;;;" "
;;;" "
;;;" "
;;;" "
;;;" "
;;;" "
;;;" "
;;;" "
;;;" "
;;;" "
;;;" "
;;;" "
;;;" "
;;;" "
;;;" "
;;;" "
;;;" "
;;;" "
;;;" "
;;;" "
;;;" "
;;;" "
;;;" "
;;;" "
;;;" "
;;;" "
;;;" "
;;;" "
;;;" "
;;;" "
;;;" "
;;;" "
;;;" "
;;;" "
;;;" "
;;;" "
;;;" "
;;;" "
;;;" "
;;;" "
;;;" "
;;;" "
;;;" "
;;;" "
;;;" "
;;;" "
;;;" "
;;;" "
;;;" "
;;;" "
;;;" "
;;;" "
;;;" "
;;;" "
;;;" "
;;;" "
;;;" "
;;;" "
;;;" "
;;;" "
;;;" "
;;;" "
;;;" "
;;;" "
;;;" "
;;;" "
;;;" "
;;;" "
;;;" "
;;;" "
;;;" "
;;;" "
;;;" "
;;;" "
;;;" "
;;;" "
;;;" "
;;;" "
;;;" "
;;;" "
;;;" "
;;;" "
;;;" "
;;;" "
;;;" "
;;;" "
;;;" "
;;;" "
;;;" "
;;;" "
;;;" "
;;;" "
;;;" "
;;;" "
;;;" "
;;;" "
;;;" "
;;;" "
;;;" "
;;;" "
;;;" "
;;;" "
;;;" "
;;;" "
;;;" "
;;;" "
;;;" "
;;;" "
;;;" "
;;;" "
;;;" "
;;;" "
;;;" "
;;;" "
;;;" "
;;;" "
;;;" "
;;;" "
;;;" "
;;;" "
;;;" "
;;;" "
;;;" "
;;;" "
;;;" "
;;;" "
;;;" "
;;;" "
;;;" "
;;;" "
;;;" "
;;;" "
;;;" "
;;;" "
;;;" "
;;;" "
;;;" "
;;;" "
;;;" "
;;;" "
;;;" "
;;;" "
;;;" "
;;;" "
;;;" "
;;;" "
;;;" "
;;;" "
;;;" "
;;;" "
;;;" "
;;;" "
;;;" "
;;;" "
;;;" "
;;;" "
;;;" "
;;;" "
;;;" "
;;;" "
;;;" "
;;;" "
;;;" "
;;;" "
;;;" "
;;;" "
;;;" "
;;;" "
;;;" "
;;;" "
;;;" "
;;;" "
;;;" "
;;;" "
;;;" "
;;;" "
;;;" "
;;;" "
;;;" "
;;;" "
;;;" "
;;;" "
;;;" "
;;;" "
;;;" "
;;;" "
;;;" "
;;;" "
;;;" "
;;;" "
;;;" "
;;;" "
;;;" "
;;;" "
;;;" "
;;;" "
;;;" "
;;;" "
;;;" "
;;;" "
;;;" "
;;;" "
;;;" "
;;;" "
;;;" "
;;;" "
;;;" "
;;;" "
;;;" "
;;;" "
;;;" "
;;;" "
;;;" "
;;;" "
;;;" "
;;;" "
;;;" "
;;;" "
;;;" "
;;;" "
;;;" "
;;;" "
;;;" "
;;;" "
;;;" "
;;;" "
;;;" "
;;;" "
;;;" "
;;;" "
;;;" "
;;;" "
;;;" "
;;;" "
;;;" "
;;;" "
;;;" "
;;;" "
;;;" "
;;;" "
;;;" "
;;;" "
;;;" "
;;;" "
;;;" "
;;;" "
;;;" "
;;;" "
;;;" "
;;;" "
;;;" "
;;;" "
;;;" "
;;;" "
;;;" "
;;;" "
;;;" "
;;;" "
;;;" "
;;;" "
;;;" "
;;;" "
;;;" "
;;;" "
;;;" "
;;;" "
;;;" "
;;;" "
;;;" "
;;;" "
;;;" "
;;;" "
;;;" "
;;;" "
;;;" "
;;;" "
;;;" "
;;;" "
;;;" "
;;;" "
;;;" "
;;;" "
;;;" "
;;;" "
;;;" "
;;;" "
;;;" "
;;;" "
;;;" "
;;;" "
;;;" "
;;;" "
;;;" "
;;;" "
;;;" "
;;;" "
;;;" "
;;;" "
;;;" "
;;;" "
;;;" "
;;;" "
;;;" "
;;;" "
;;;" "
;;;" "
;;;" "
;;;" "
;;;" "
;;;" "
;;;" "
;;;" "
;;;" "
;;;" "
;;;" "
;;;" "
;;;" "
;;;" "
;;;" "
;;;" "
;;;" "
;;;" "
;;;" "
;;;" "
;;;" "
;;;" "
;;;" "
;;;" "
;;;" "
;;;" "
;;;" "
;;;" "
;;;" "
;;;" "
;;;" "
;;;" "
;;;" "
;;;" "
;;;" "
;;;" "
;;;" "
;;;" "
;;;" "
;;;" "
;;;" "
;;;" "
;;;" "
;;;" "
;;;" "
;;;" "
;;;" "
;;;" "
;;;" "
;;;" "
;;;" "
;;;" "
;;;" "
;;;" "
;;;" "
;;;" "
;;;" "
;;;" "
;;;" "
;;;" "
;;;" "
;;;" "
;;;" "
;;;" "
;;;" "
;;;" "
;;;" "
;;;" "
;;;" "
;;;" "
;;;" "
;;;" "
;;;" "
;;;" "
;;;" "
;;;" "
;;;" "
;;;" "
;;;" "
;;;" "
;;;" "
;;;" "
;;;" "
;;;" "
;;;" "
;;;" "
;;;" "
;;;" "
;;;" "
;;;" "
;;;" "
;;;" "
;;;" "
;;;" "
;;;" "
;;;" "
;;;" "
;;;" "
;;;" "
;;;" "
;;;" "
;;;" "
;;;" "
;;;" "
;;;" "
;;;" "
;;;" "
;;;" "
;;;" "
;;;" "
;;;" "
;;;" "
;;;" "
;;;" "
;;;" "
;;;" "
;;;" "
;;;" "
;;;" "
;;;" "
;;;" "
;;;" "
;;;" "
;;;" "
;;;" "
;;;" "
;;;" "
;;;" "
;;;" "
;;;" "
;;;" "
;;;" "
;;;" "
;;;" "
;;;" "
;;;" "
;;;" "
;;;" "
;;;" "
;;;" "
;;;" "
;;;" "
;;;" "
;;;" "
;;;" "
;;;" "
;;;" "
;;;" "
;;;" "
;;;" "
;;;" "
;;;" "
;;;" "
;;;" "
;;;" "
;;;" "
;;;" "
;;;" "
;;;" "
;;;" "
;;;" "
;;;" "
;;;" "
;;;" "
;;;" "
;;;" "
;;;" "
;;;" "
;;;" "
;;;" "
;;;" "
;;;" "
;;;" "
;;;" "
;;;" "
;;;" "
;;;" "
;;;" "
;;;" "
;;;" "
;;;" "
;;;" "
;;;" "
;;;" "
;;;" "
;;;" "
;;;" "
;;;" "
;;;" "
;;;" "
;;;" "
;;;" "
;;;" "
;;;" "
;;;" "
;;;" "
;;;" "
;;;" "
;;;" "
;;;" "
;;;" "
;;;" "
;;;" "
;;;" "
;;;" "
;;;" "
;;;" "
;;;" "
;;;" "
;;;" "
;;;" "
;;;" "
;;;" "
;;;" "
;;;" "
;;;" "
;;;" "
;;;" "
;;;" "
;;;" "
;;;" "
;;;" "
;;;" "
;;;" "
;;;" "
;;;" "
;;;" "
;;;" "
;;;" "
;;;" "
;;;" "
;;;" "
;;;" "
;;;" "
;;;" "
;;;" "
;;;" "
;;;" "
;;;" "
;;;" "
;;;" "
;;;" "
;;;" "
;;;" "
;;;" "
;;;" "
;;;" "
;;;" "
;;;" "
;;;" "
;;;" "
;;;" "
;;;" "
;;;" "
;;;" "
;;;" "
;;;" "
;;;" "
;;;" "
;;;" "
;;;" "
;;;" "
;;;" "
;;;" "
;;;" "
;;;" "
;;;" "
;;;" "
;;;" "
;;;" "
;;;" "
;;;" "
;;;" "
;;;" "
;;;" "
;;;" "
;;;" "
;;;" "
;;;" "
;;;" "
;;;" "
;;;" "
;;;" "
;;;" "
;;;" "
;;;" "
;;;" "
;;;" "
;;;" "
;;;" "
;;;" "
;;;" "
;;;" "
;;;" "
;;;" "
;;;" "
;;;" "
;;;" "
;;;" "
;;;" "
;;;" "
;;;" "
;;;" "
;;;" "
;;;" "
;;;" "
;;;" "
;;;" "
;;;" "
;;;" "
;;;" "
;;;" "
;;;" "
;;;" "
;;;" "
;;;" "
;;;" "
;;;" "
;;;" "
;;;" "
;;;" "
;;;" "
;;;" "
;;;" "
;;;" "
;;;" "
;;;" "
;;;" "
;;;" "
;;;" "
;;;" "
;;;" "
;;;" "
;;;" "
;;;" "
;;;" "
;;;" "
;;;" "
;;;" "
;;;" "
;;;" "
;;;" "
;;;" "
;;;" "
;;;" "
;;;" "
;;;" "
;;;" "
;;;" "
;;;" "
;;;" "
;;;" "
;;;" "
;;;" "
;;;" "
;;;" "
;;;" "
;;;" "
;;;" "
;;;" "
;;;" "
;;;" "
;;;" "
;;;" "
;;;" "
;;;" "
;;;" "
;;;" "
;;;" "
;;;" "
;;;" "
;;;" "
;;;" "
;;;" "
;;;" "
;;;" "
;;;" "
;;;" "
;;;" "
;;;" "
;;;" "
;;;" "
;;;" "
;;;" "
;;;" "
;;;" "
;;;" "
;;;" "
;;;" "
;;;" "
;;;" "
;;;" "
;;;" "
;;;" "
;;;" "
;;;" "
;;;" "
;;;" "
;;;" "
;;;" "
;;;" "
;;;" "
;;;" "
;;;" "
;;;" "
;;;" "
;;;" "
;;;" "
;;;" "
;;;" "
;;;" "
;;;" "
;;;" "
;;;" "
;;;" "
;;;" "
;;;" "
;;;" "
;;;" "
;;;" "
;;;" "
;;;" "
;;;" "
;;;" "
;;;" "
;;;" "
;;;" "
;;;" "
;;;" "
;;;" "
;;;" "
;;;" "
;;;" "
;;;" "
;;;" "
;;;" "
;;;" "
;;;" "
;;;" "
;;;" "
;;;" "
;;;" "
;;;" "
;;;" "
;;;" "
;;;" "
;;;" "
;;;" "
;;;" "
;;;" "
;;;" "
;;;" "
;;;" "
;;;" "
;;;" "
;;;" "
;;;" "
;;;" "
;;;" "
;;;" "
;;;" "
;;;" "
;;;" "
;;;" "
;;;" "
;;;" "
;;;" "
;;;" "
;;;" "
;;;" "
;;;" "
;;;" "
;;;" "
;;;" "
;;;" "
;;;" "
;;;" "
;;;" "
;;;" "
;;;" "
;;;" "
;;;" "
;;;" "
;;;" "
;;;" "
;;;" "
;;;" "
;;;" "
;;;" "
;;;" "
;;;" "
;;;" "
;;;" "
;;;" "
;;;" "
;;;" "
;;;" "
;;;" "
;;;" "
;;;" "
;;;" "
;;;" "
;;;" "
;;;" "
;;;" "
;;;" "
;;;" "
;;;" "
;;;" "
;;;" "
;;;" "
;;;" "
;;;" "
;;;" "
;;;" "
;;;" "
;;;" "
;;;" "
;;;" "
;;;" "
;;;" "
;;;" "
;;;" "
;;;" "
;;;" "
;;;" "
;;;" "
;;;" "
;;;" "
;;;" "
;;;" "
;;;" "
;;;" "
;;;" "
;;;" "
;;;" "
;;;" "
;;;" "
;;;" "
;;;" "
;;;" "
;;;" "
;;;" "
;;;" "
;;;" "
;;;" "
;;;" "
;;;" "
;;;" "
;;;" "
;;;" "
;;;" "
;;;" "
;;;" "
;;;" "
;;;" "
;;;" "
;;;" "
;;;" "
;;;" "
;;;" "
;;;" "
;;;" "
;;;" "
;;;" "
;;;" "
;;;" "
;;;" "
;;;" "
;;;" "
;;;" "
;;;" "
;;;" "
;;;" "
;;;" "
;;;" "
;;;" "
;;;" "
;;;" "
;;;" "
;;;" "
;;;" "
;;;" "
;;;" "
;;;" "
;;;" "
;;;" "
;;;" "
;;;" "
;;;" "
;;;" "
;;;" "
;;;" "
;;;" "
;;;" "
;;;" "
;;;" "
;;;" "
;;;" "
;;;" "
;;;" "
;;;" "
;;;" "
;;;" "
;;;" "
;;;" "
;;;" "
;;;" "
;;;" "
;;;" "
;;;" "
;;;" "
;;;" "
;;;" "
;;;" "
;;;" "
;;;" "
;;;" "
;;;" "
;;;" "
;;;" "
;;;" "
;;;" "
;;;" "
;;;" "
;;;" "
;;;" "
;;;" "
;;;" "
;;;" "
;;;" "
;;;" "
;;;" "
;;;" "
;;;" "
;;;" "
;;;" "
;;;" "
;;;" "
;;;" "
;;;" "
;;;" "
;;;" "
;;;" "
;;;" "
;;;" "
;;;" "
;;;" "
;;;" "
;;;" "
;;;" "
;;;" "
;;;" "
;;;" "
;;;" "
;;;" "
;;;" "
;;;" "
;;;" "
;;;" "
;;;" "
;;;" "
;;;" "
;;;" "
;;;" "
;;;" "
;;;" "
;;;" "
;;;" "
;;;" "
;;;" "
;;;" "
;;;" "
;;;" "
;;;" "
;;;" "
;;;" "
;;;" "
;;;" "
;;;" "
;;;" "
;;;" "
;;;" "
;;;" "
;;;" "
;;;" "
;;;" "
;;;" "
;;;" "
;;;" "
;;;" "
;;;" "
;;;" "
;;;" "
;;;" "
;;;" "
;;;" "
;;;" "
;;;" "
;;;" "
;;;" "
;;;" "
;;;" "
;;;" "
;;;" "
;;;" "
;;;" "
;;;" "
;;;" "
;;;" "
;;;" "
;;;" "
;;;" "
;;;" "
;;;" "
;;;" "
;;;" "
;;;" "
;;;" "
;;;" "
;;;" "
;;;" "
;;;" "
;;;" "
;;;" "
;;;" "
;;;" "
;;;" "
;;;" "
;;;" "
;;;" "
;;;" "
;;;" "
;;;" "
;;;" "
;;;" "
;;;" "
;;;" "
;;;" "
;;;" "
;;;" "
;;;" "
;;;" "
;;;" "
;;;" "
;;;" "
;;;" "
;;;" "
;;;" "
;;;" "
;;;" "
;;;" "
;;;" "
;;;" "
;;;" "
;;;" "
;;;" "
;;;" "
;;;" "
;;;" "
;;;" "
;;;" "
;;;" "
;;;" "
;;;" "
;;;" "
;;;" "
;;;" "
;;;" "
;;;" "
;;;" "
;;;" "
;;;" "
;;;" "
;;;" "
;;;" "
;;;" "
;;;" "
;;;" "
;;;" "
;;;" "
;;;" "
;;;" "
;;;" "
;;;" "
;;;" "
;;;" "
;;;" "
;;;" "
;;;" "
;;;" "
;;;" "
;;;" "
;;;" "
;;;" "
;;;" "
;;;" "
;;;" "
;;;" "
;;;" "
;;;" "
;;;" "
;;;" "
;;;" "
;;;" "
;;;" "
;;;" "
;;;" "
;;;" "
;;;" "
;;;" "
;;;" "
;;;" "
;;;" "
;;;" "
;;;" "
;;;" "
;;;" "
;;;" "
;;;" "
;;;" "
;;;" "
;;;" "
;;;" "
;;;" "
;;;" "
;;;" "
;;;" "
;;;" "
;;;" "
;;;" "
;;;" "
;;;" "
;;;" "
;;;" "
;;;" "
;;;" "
;;;" "
;;;" "
;;;" "
;;;" "
;;;" "
;;;" "
;;;" "
;;;" "
;;;" "
;;;" "
;;;" "
;;;" "
;;;" "
;;;" "
;;;" "
;;;" "
;;;" "
;;;" "
;;;" "
;;;" "
;;;" "
;;;" "
;;;" "
;;;" "
;;;" "
;;;" "
;;;" "
;;;" "
;;;" "
;;;" "
;;;" "
;;;" "
;;;" "
;;;" "
;;;" "
;;;" "
;;;" "
;;;" "
;;;" "
;;;" "
;;;" "
;;;" "
;;;" "
;;;" "
;;;" "
;;;" "
;;;" "
;;;" "
;;;" "
;;;" "
;;;" "
;;;" "
;;;" "
;;;" "
;;;" "
;;;" "
;;;" "
;;;" "
;;;" "
;;;" "
;;;" "
;;;" "
;;;" "
;;;" "
;;;" "
;;;" "
;;;" "
;;;" "
;;;" "
;;;" "
;;;" "
;;;" "
;;;" "
;;;" "
;;;" "
;;;" "
;;;" "
;;;" "
;;;" "
;;;" "
;;;" "
;;;" "
;;;" "
;;;" "
;;;" "
;;;" "
;;;" "
;;;" "
;;;" "
;;;" "
;;;" "
;;;" "
;;;" "
;;;" "
;;;" "
;;;" "
;;;" "
;;;" "
;;;" "
;;;" "
;;;" "
;;;" "
;;;" "
;;;" "
;;;" "
;;;" "
;;;" "
;;;" "
;;;" "
;;;" "
;;;" "
;;;" "
;;;" "
;;;" "
;;;" "
;;;" "
;;;" "
;;;" "
;;;" "
;;;" "
;;;" "
;;;" "
;;;" "
;;;" "
;;;" "
;;;" "
;;;" "
;;;" "
;;;" "
;;;" "
;;;" "
;;;" "
;;;" "
;;;" "
;;;" "
;;;" "
;;;" "
;;;" "
;;;" "
;;;" "
;;;" "
;;;" "
;;;" "
;;;" "
;;;" "
;;;" "
;;;" "
;;;" "
;;;" "
;;;" "
;;;" "
;;;" "
;;;" "
;;;" "
;;;" "
;;;" "
;;;" "
;;;" "
;;;" "
;;;" "
;;;" "
;;;" "
;;;" "
;;;" "
;;;" "
;;;" "
;;;" "
;;;" "
;;;" "
;;;" "
;;;" "
;;;" "
;;;" "
;;;" "
;;;" "
;;;" "
;;;" "
;;;" "
;;;" "
;;;" "
;;;" "
;;;" "
;;;" "
;;;" "
;;;" "
;;;" "
;;;" "
;;;" "
;;;" "
;;;" "
;;;" "
;;;" "
;;;" "
;;;" "
;;;" "
;;;" "
;;;" "
;;;" "
;;;" "
;;;" "
;;;" "
;;;" "
;;;" "
;;;" "
;;;" "
;;;" "
;;;" "
;;;" "
;;;" "
;;;" "
;;;" "
;;;" "
;;;" "
;;;" "
;;;" "
;;;" "
;;;" "
;;;" "
;;;" "
;;;" "
;;;" "
;;;" "
;;;" "
;;;" "
;;;" "
;;;" "
;;;" "
;;;" "
;;;" "
;;;" "
;;;" "
;;;" "
;;;" "
;;;" "
;;;" "
;;;" "
;;;" "
;;;" "
;;;" "
;;;" "
;;;" "
;;;" "
;;;" "
;;;" "
;;;" "
;;;" "
;;;" "
;;;" "
;;;" "
;;;" "
;;;" "
;;;" "
;;;" "
;;;" "
;;;" "
;;;" "
;;;" "
;;;" "
;;;" "
;;;" "
;;;" "
;;;" "
;;;" "
;;;" "
;;;" "
;;;" "
;;;" "
;;;" "
;;;" "
;;;" "
;;;" "
;;;" "
;;;" "
;;;" "
;;;" "
;;;" "
;;;" "
;;;" "
;;;" "
;;;" "
;;;" "
;;;" "
;;;" "
;;;" "
;;;" "
;;;" "
;;;" "
;;;" "
;;;" "
;;;" "
;;;" "
;;;" "
;;;" "
;;;" "
;;;" "
;;;" "
;;;" "
;;;" "
;;;" "
;;;" "
;;;" "
;;;" "
;;;" "
;;;" "
;;;" "
;;;" "
;;;" "
;;;" "
;;;" "
;;;" "
;;;" "
;;;" "
;;;" "
;;;" "
;;;" "
;;;" "
;;;" "
;;;" "
;;;" "
;;;" "
;;;" "
;;;" "
;;;" "
;;;" "
;;;" "
;;;" "
;;;" "
;;;" "
;;;" "
;;;" "
;;;" "
;;;" "
;;;" "
;;;" "
;;;" "
;;;" "
;;;" "
;;;" "
;;;" "
;;;" "
;;;" "
;;;" "
;;;" "
;;;" "
;;;" "
;;;" "
;;;" "
;;;" "
;;;" "
;;;" "
;;;" "
;;;" "
;;;" "
;;;" "
;;;" "
;;;" "
;;;" "
;;;" "
;;;" "
;;;" "
;;;" "
;;;" "
;;;" "
;;;" "
;;;" "
;;;" "
;;;" "
;;;" "
;;;" "
;;;" "
;;;" "
;;;" "
;;;" "
;;;" "
;;;" "
;;;" "
;;;" "
;;;" "
;;;" "
;;;" "
;;;" "
;;;" "
;;;" "
;;;" "
;;;" "
;;;" "
;;;" "
;;;" "
;;;" "
;;;" "
;;;" "
;;;" "
;;;" "
;;;" "
;;;" "
;;;" "
;;;" "
;;;" "
;;;" "
;;;" "
;;;" "
;;;" "
;;;" "
;;;" "
;;;" "
;;;" "
;;;" "
;;;" "
;;;" "
;;;" "
;;;" "
;;;" "
;;;" "
;;;" "
;;;" "
;;;" "
;;;" "
;;;" "
;;;" "
;;;" "
;;;" "
;;;" "
;;;" "
;;;" "
;;;" "
;;;" "
;;;" "
;;;" "
;;;" "
;;;" "
;;;" "
;;;" "
;;;" "
;;;" "
;;;" "
;;;" "
;;;" "
;;;" "
;;;" "
;;;" "
;;;" "
;;;" "
;;;" "
;;;" "
;;;" "
;;;" "
;;;" "
;;;" "
;;;" "
;;;" "
;;;" "
;;;" "
;;;" "
;;;" "
;;;" "
;;;" "
;;;" "
;;;" "
;;;" "
;;;" "
;;;" "
;;;" "
;;;" "
;;;" "
;;;" "
;;;" "
;;;" "
;;;" "
;;;" "
;;;" "
;;;" "
;;;" "
;;;" "
;;;" "
;;;" "
;;;" "
;;;" "
;;;" "
;;;" "
;;;" "
;;;" "
;;;" "
;;;" "
;;;" "
;;;" "
;;;" "
;;;" "
;;;" "
;;;" "
;;;" "
;;;" "
;;;" "
;;;" "
;;;" "
;;;" "
;;;" "
;;;" "
;;;" "
;;;" "
;;;" "
;;;" "
;;;" "
;;;" "
;;;" "
;;;" "
;;;" "
;;;" "
;;;" "
;;;" "
;;;" "
;;;" "
;;;" "
;;;" "
;;;" "
;;;" "
;;;" "
;;;" "
;;;" "
;;;" "
;;;" "
;;;" "
;;;" "
;;;" "
;;;" "
;;;" "
;;;" "
;;;" "
;;;" "
;;;" "
;;;" "
;;;" "
;;;" "
;;;" "
;;;" "
;;;" "
;;;" "
;;;" "
;;;" "
;;;" "
;;;" "
;;;" "
;;;" "
;;;" "
;;;" "
;;;" "
;;;" "
;;;" "
;;;" "
;;;" "
;;;" "
;;;" "
;;;" "
;;;" "
;;;" "
;;;" "
;;;" "
;;;" "
;;;" "
;;;" "
;;;" "
;;;" "
;;;" "
;;;" "
;;;" "
;;;" "
;;;" "
;;;" "
;;;" "
;;;" "
;;;" "
;;;" "
;;;" "
;;;" "
;;;" "
;;;" "
;;;" "
;;;" "
;;;" "
;;;" "
;;;" "
;;;" "
;;;" "
;;;" "
;;;" "
;;;" "
;;;" "
;;;" "
;;;" "
;;;" "
;;;" "
;;;" "
;;;" "
;;;" "
;;;" "
;;;" "
;;;" "
;;;" "
;;;" "
;;;" "
;;;" "
;;;" "
;;;" "
;;;" "
;;;" "
;;;" "
;;;" "
;;;" "
;;;" "
;;;" "
;;;" "
;;;" "
;;;" "
;;;" "
;;;" "
;;;" "
;;;" "
;;;" "
;;;" "
;;;" "
;;;" "
;;;" "
;;;" "
;;;" "
;;;" "
;;;" "
;;;" "
;;;" "
;;;" "
;;;" "
;;;" "
;;;" "
;;;" "
;;;" "
;;;" "
;;;" "
;;;" "
;;;" "
;;;" "
;;;" "
;;;" "
;;;" "
;;;" "
;;;" "
;;;" "
;;;" "
;;;" "
;;;" "
;;;" "
;;;" "
;;;" "
;;;" "
;;;" "
;;;" "
;;;" "
;;;" "
;;;" "
;;;" "
;;;" "
;;;" "
;;;" "
;;;" "
;;;" "
;;;" "
;;;" "
;;;" "
;;;" "
;;;" "
;;;" "
;;;" "
;;;" "
;;;" "
;;;" "
;;;" "
;;;" "
;;;" "
;;;" "
;;;" "
;;;" "
;;;" "
;;;" "
;;;" "
;;;" "
;;;" "
;;;" "
;;;" "
;;;" "
;;;" "
;;;" "
;;;" "
;;;" "
;;;" "
;;;" "
;;;" "
;;;" "
;;;" "
;;;" "
;;;" "
;;;" "
;;;" "
;;;" "
;;;" "
;;;" "
;;;" "
;;;" "
;;;" "
;;;" "
;;;" "
;;;" "
;;;" "
;;;" "
;;;" "
;;;" "
;;;" "
;;;" "
;;;" "
;;;" "
;;;" "
;;;" "
;;;" "
;;;" "
;;;" "
;;;" "
;;;" "
;;;" "
;;;" "
;;;" "
;;;" "
;;;" "
;;;" "
;;;" "
;;;" "
;;;" "
;;;" "
;;;" "
;;;" "
;;;" "
;;;" "
;;;" "
;;;" "
;;;" "
;;;" "
;;;" "
;;;" "
;;;" "
;;;" "
;;;" "
;;;" "
;;;" "
;;;" "
;;;" "
;;;" "
;;;" "
;;;" "
;;;" "
;;;" "
;;;" "
;;;" "
;;;" "
;;;" "
;;;" "
;;;" "
;;;" "
;;;" "
;;;" "
;;;" "
;;;" "
;;;" "
;;;" "
;;;" "
;;;" "
;;;" "
;;;" "
;;;" "
;;;" "
;;;" "
;;;" "
;;;" "
;;;" "
;;;" "
;;;" "
;;;" "
;;;" "
;;;" "
;;;" "
;;;" "
;;;" "
;;;" "
;;;" "
;;;" "
;;;" "
;;;" "
;;;" "
;;;" "
;;;" "
;;;" "
;;;" "
;;;" "
;;;" "
;;;" "
;;;" "
;;;" "
;;;" "
;;;" "
;;;" "
;;;" "
;;;" "
;;;" "
;;;" "
;;;" "
;;;" "
;;;" "
;;;" "
;;;" "
;;;" "
;;;" "
;;;" "
;;;" "
;;;" "
;;;" "
;;;" "
;;;" "
;;;" "
;;;" "
;;;" "
;;;" "
;;;" "
;;;" "
;;;" "
;;;" "
;;;" "
;;;" "
;;;" "
;;;" "
;;;" "
;;;" "
;;;" "
;;;" "
;;;" "
;;;" "
;;;" "
;;;" "
;;;" "
;;;" "
;;;" "
;;;" "
;;;" "
;;;" "
;;;" "
;;;" "
;;;" "
;;;" "
;;;" "
;;;" "
;;;" "
;;;" "
;;;" "
;;;" "
;;;" "
;;;" "
;;;" "
;;;" "
;;;" "
;;;" "
;;;" "
;;;" "
;;;" "
;;;" "
;;;" "
;;;" "
;;;" "
;;;" "
;;;" "
;;;" "
;;;" "
;;;" "
;;;" "
;;;" "
;;;" "
;;;" "
;;;" "
;;;" "
;;;" "
;;;" "
;;;" "
;;;" "
;;;" "
;;;" "
;;;" "
;;;" "
;;;" "
;;;" "
;;;" "
;;;" "
;;;" "
;;;" "
;;;" "
;;;" "
;;;" "
;;;" "
;;;" "
;;;" "
;;;" "
;;;" "
;;;" "
;;;" "
;;;" "
;;;" "
;;;" "
;;;" "
;;;" "
;;;" "
;;;" "
;;;" "
;;;" "
;;;" "
;;;" "
;;;" "
;;;" "
;;;" "
;;;" "
;;;" "
;;;" "
;;;" "
;;;" "
;;;" "
;;;" "
;;;" "
;;;" "
;;;" "
;;;" "
;;;" "
;;;" "
;;;" "
;;;" "
;;;" "
;;;" "
;;;" "
;;;" "
;;;" "
;;;" "
;;;" "
;;;" "
;;;" "
;;;" "
;;;" "
;;;" "
;;;" "
;;;" "
;;;" "
;;;" "
;;;" "
;;;" "
;;;" "
;;;" "
;;;" "
;;;" "
;;;" "
;;;" "
;;;" "
;;;" "
;;;" "
;;;" "
;;;" "
;;;" "
;;;" "
;;;" "
;;;" "
;;;" "
;;;" "
;;;" "
;;;" "
;;;" "
;;;" "
;;;" "
;;;" "
;;;" "
;;;" "
;;;" "
;;;" "
;;;" "
;;;" "
;;;" "
;;;" "
;;;" "
;;;" "
;;;" "
;;;" "
;;;" "
;;;" "
;;;" "
;;;" "
;;;" "
;;;" "
;;;" "
;;;" "
;;;" "
;;;" "
;;;" "
;;;" "
;;;" "
;;;" "
;;;" "
;;;" "
;;;" "
;;;" "
;;;" "
;;;" "
;;;" "
;;;" "
;;;" "
;;;" "
;;;" "
;;;" "
;;;" "
;;;" "
;;;" "
;;;" "
;;;" "
;;;" "
;;;" "
;;;" "
;;;" "
;;;" "
;;;" "
;;;" "
;;;" "
;;;" "
;;;" "
;;;" "
;;;" "
;;;" "
;;;" "
;;;" "
;;;" "
;;;" "
;;;" "
;;;" "
;;;" "
;;;" "
;;;" "
;;;" "
;;;" "
;;;" "
;;;" "
;;;" "
;;;" "
;;;" "
;;;" "
;;;" "
;;;" "
;;;" "
;;;" "
;;;" "
;;;" "
;;;" "
;;;" "
;;;" "
;;;" "
;;;" "
;;;" "
;;;" "
;;;" "
;;;" "
;;;" "
;;;" "
;;;" "
;;;" "
;;;" "
;;;" "
;;;" "
;;;" "
;;;" "
;;;" "
;;;" "
;;;" "
;;;" "
;;;" "
;;;" "
;;;" "
;;;" "
;;;" "
;;;" "
;;;" "
;;;" "
;;;" "
;;;" "
;;;" "
;;;" "
;;;" "
;;;" "
;;;" "
;;;" "
;;;" "
;;;" "
;;;" "
;;;" "
;;;" "
;;;" "
;;;" "
;;;" "
;;;" "
;;;" "
;;;" "
;;;" "
;;;" "
;;;" "
;;;" "
;;;" "
;;;" "
;;;" "
;;;" "
;;;" "
;;;" "
;;;" "
;;;" "
;;;" "
;;;" "
;;;" "
;;;" "
;;;" "
;;;" "
;;;" "
;;;" "
;;;" "
;;;" "
;;;" "
;;;" "
;;;" "
;;;" "
;;;" "
;;;" "
;;;" "
;;;" "
;;;" "
;;;" "
;;;" "
;;;" "
;;;" "
;;;" "
;;;" "
;;;" "
;;;" "
;;;" "
;;;" "
;;;" "
;;;" "
;;;" "
;;;" "
;;;" "
;;;" "
;;;" "
;;;" "
;;;" "
;;;" "
;;;" "
;;;" "
;;;" "
;;;" "
;;;" "
;;;" "
;;;" "
;;;" "
;;;" "
;;;" "
;;;" "
;;;" "
;;;" "
;;;" "
;;;" "
;;;" "
;;;" "
;;;" "
;;;" "
;;;" "
;;;" "
;;;" "
;;;" "
;;;" "
;;;" "
;;;" "
;;;" "
;;;" "
;;;" "
;;;" "
;;;" "
;;;" "
;;;" "
;;;" "
;;;" "
;;;" "
;;;" "
;;;" "
;;;" "
;;;" "
;;;" "
;;;" "
;;;" "
;;;" "
;;;" "
;;;" "
;;;" "
;;;" "
;;;" "
;;;" "
;;;" "
;;;" "
;;;" "
;;;" "
;;;" "
;;;" "
;;;" "
;;;" "
;;;" "
;;;" "
;;;" "
;;;" "
;;;" "
;;;" "
;;;" "
;;;" "
;;;" "
;;;" "
;;;" "
;;;" "
;;;" "
;;;" "
;;;" "
;;;" "
;;;" "
;;;" "
;;;" "
;;;" "
;;;" "
;;;" "
;;;" "
;;;" "
;;;" "
;;;" "
;;;" "
;;;" "
;;;" "
;;;" "
;;;" "
;;;" "
;;;" "
;;;" "
;;;" "
;;;" "
;;;" "
;;;" "
;;;" "
;;;" "
;;;" "
;;;" "
;;;" "
;;;" "
;;;" "
;;;" "
;;;" "
;;;" "
;;;" "
;;;" "
;;;" "
;;;" "
;;;" "
;;;" "
;;;" "
;;;" "
;;;" "
;;;" "
;;;" "
;;;" "
;;;" "
;;;" "
;;;" "
;;;" "
;;;" "
;;;" "
;;;" "
;;;" "
;;;" "
;;;" "
;;;" "
;;;" "
;;;" "
;;;" "
;;;" "
;;;" "
;;;" "
;;;" "
;;;" "
;;;" "
;;;" "
;;;" "
;;;" "
;;;" "
;;;" "
;;;" "
;;;" "
;;;" "
;;;" "
;;;" "
;;;" "
;;;" "
;;;" "
;;;" "
;;;" "
;;;" "
;;;" "
;;;" "
;;;" "
;;;" "
;;;" "
;;;" "
;;;" "
;;;" "
;;;" "
;;;" "
;;;" "
;;;" "
;;;" "
;;;" "
;;;" "
;;;" "
;;;" "
;;;" "
;;;" "
;;;" "
;;;" "
;;;" "
;;;" "
;;;" "
;;;" "
;;;" "
;;;" "
;;;" "
;;;" "
;;;" "
;;;" "
;;;" "
;;;" "
;;;" "
;;;" "
;;;" "
;;;" "
;;;" "
;;;" "
;;;" "
;;;" "
;;;" "
;;;" "
;;;" "
;;;" "
;;;" "
;;;" "
;;;" "
;;;" "
;;;" "
;;;" "
;;;" "
;;;" "
;;;" "
;;;" "
;;;" "
;;;" "
;;;" "
;;;" "
;;;" "
;;;" "
;;;" "
;;;" "
;;;" "
;;;" "
;;;" "
;;;" "
;;;" "
;;;" "
;;;" "
;;;" "
;;;" "
;;;" "
;;;" "
;;;" "
;;;" "
;;;" "
;;;" "
;;;" "
;;;" "
;;;" "
;;;" "
;;;" "
;;;" "
;;;" "
;;;" "
;;;" "
;;;" "
;;;" "
;;;" "
;;;" "
;;;" "
;;;" "
;;;" "
;;;" "
;;;" "
;;;" "
;;;" "
;;;" "
;;;" "
;;;" "
;;;" "
;;;" "
;;;" "
;;;" "
;;;" "
;;;" "
;;;" "
;;;" "
;;;" "
;;;" "
;;;" "
;;;" "
;;;" "
;;;" "
;;;" "
;;;" "
;;;" "
;;;" "
;;;" "
;;;" "
;;;" "
;;;" "
;;;" "
;;;" "
;;;" "
;;;" "
;;;" "
;;;" "
;;;" "
;;;" "
;;;" "
;;;" "
;;;" "
;;;" "
;;;" "
;;;" "
;;;" "
;;;" "
;;;" "
;;;" "
;;;" "
;;;" "
;;;" "
;;;" "
;;;" "
;;;" "
;;;" "
;;;" "
;;;" "
;;;" "
;;;" "
;;;" "
;;;" "
;;;" "
;;;" "
;;;" "
;;;" "
;;;" "
;;;" "
;;;" "
;;;" "
;;;" "
;;;" "
;;;" "
;;;" "
;;;" "
;;;" "
;;;" "
;;;" "
;;;" "
;;;" "
;;;" "
;;;" "
;;;" "
;;;" "
;;;" "
;;;" "
;;;" "
;;;" "
;;;" "
;;;" "
;;;" "
;;;" "
;;;" "
;;;" "
;;;" "
;;;" "
;;;" "
;;;" "
;;;" "
;;;" "
;;;" "
;;;" "
;;;" "
;;;" "
;;;" "
;;;" "
;;;" "
;;;" "
;;;" "
;;;" "
;;;" "
;;;" "
;;;" "
;;;" "
;;;" "
;;;" "
;;;" "
;;;" "
;;;" "
;;;" "
;;;" "
;;;" "
;;;" "
;;;" "
;;;" "
;;;" "
;;;" "
;;;" "
;;;" "
;;;" "
;;;" "
;;;" "
;;;" "
;;;" "
;;;" "
;;;" "
;;;" "
;;;" "
;;;" "
;;;" "
;;;" "
;;;" "
;;;" "
;;;" "
;;;" "
;;;" "
;;;" "
;;;" "
;;;" "
;;;" "
;;;" "
;;;" "
;;;" "
;;;" "
;;;" "
;;;" "
;;;" "
;;;" "
;;;" "
;;;" "
;;;" "
;;;" "
;;;" "
;;;" "
;;;" "
;;;" "
;;;" "
;;;" "
;;;" "
;;;" "
;;;" "
;;;" "
;;;" "
;;;" "
;;;" "
;;;" "
;;;" "
;;;" "
;;;" "
;;;" "
;;;" "
;;;" "
;;;" "
;;;" "
;;;" "
;;;" "
;;;" "
;;;" "
;;;" "
;;;" "
;;;" "
;;;" "
;;;" "
;;;" "
;;;" "
;;;" "
;;;" "
;;;" "
;;;" "
;;;" "
;;;" "
;;;" "
;;;" "
;;;" "
;;;" "
;;;" "
;;;" "
;;;" "
;;;" "
;;;" "
;;;" "
;;;" "
;;;" "
;;;" "
;;;" "
;;;" "
;;;" "
;;;" "
;;;" "
;;;" "
;;;" "
;;;" "
;;;" "
;;;" "
;;;" "
;;;" "
;;;" "
;;;" "
;;;" "
;;;" "
;;;" "
;;;" "
;;;" "
;;;" "
;;;" "
;;;" "
;;;" "
;;;" "
;;;" "
;;;" "
;;;" "
;;;" "
;;;" "
;;;" "
;;;" "
;;;" "
;;;" "
;;;" "
;;;" "
;;;" "
;;;" "
;;;" "
;;;" "
;;;" "
;;;" "
;;;" "
;;;" "
;;;" "
;;;" "
;;;" "
;;;" "
;;;" "
;;;" "
;;;" "
;;;" "
;;;" "
;;;" "
;;;" "
;;;" "
;;;" "
;;;" "
;;;" "
;;;" "
;;;" "
;;;" "
;;;" "
;;;" "
;;;" "
;;;" "
;;;" "
;;;" "
;;;" "
;;;" "
;;;" "
;;;" "
;;;" "
;;;" "
;;;" "
;;;" "
;;;" "
;;;" "
;;;" "
;;;" "
;;;" "
;;;" "
;;;" "
;;;" "
;;;" "
;;;" "
;;;" "
;;;" "
;;;" "
;;;" "
;;;" "
;;;" "
;;;" "
;;;" "
;;;" "
;;;" "
;;;" "
;;;" "
;;;" "
;;;" "
;;;" "
;;;" "
;;;" "
;;;" "
;;;" "
;;;" "
;;;" "
;;;" "
;;;" "
;;;" "
;;;" "
;;;" "
;;;" "
;;;" "
;;;" "
;;;" "
;;;" "
;;;" "
;;;" "
;;;" "
;;;" "
;;;" "
;;;" "
;;;" "
;;;" "
;;;" "
;;;" "
;;;" "
;;;" "
;;;" "
;;;" "
;;;" "
;;;" "
;;;" "
;;;" "
;;;" "
;;;" "
;;;" "
;;;" "
;;;" "
;;;" "
;;;" "
;;;" "
;;;" "
;;;" "
;;;" "
;;;" "
;;;" "
;;;" "
;;;" "
;;;" "
;;;" "
;;;" "
;;;" "
;;;" "
;;;" "
;;;" "
;;;" "
;;;" "
;;;" "
;;;" "
;;;" "
;;;" "
;;;" "
;;;" "
;;;" "
;;;" "
;;;" "
;;;" "
;;;" "
;;;" "
;;;" "
;;;" "
;;;" "
;;;" "
;;;" "
;;;" "
;;;" "
;;;" "
;;;" "
;;;" "
;;;" "
;;;" "
;;;" "
;;;" "
;;;" "
;;;" "
;;;" "
;;;" "
;;;" "
;;;" "
;;;" "
;;;" "
;;;" "
;;;" "
;;;" "
;;;" "
;;;" "
;;;" "
;;;" "
;;;" "
;;;" "
;;;" "
;;;" "
;;;" "
;;;" "
;;;" "
;;;" "
;;;" "
;;;" "
;;;" "
;;;" "
;;;" "
;;;" "
;;;" "
;;;" "
;;;" "
;;;" "
;;;" "
;;;" "
;;;" "
;;;" "
;;;" "
;;;" "
;;;" "
;;;" "
;;;" "
;;;" "
;;;" "
;;;" "
;;;" "
;;;" "
;;;" "
;;;" "
;;;" "
;;;" "
;;;" "
;;;" "
;;;" "
;;;" "
;;;" "
;;;" "
;;;" "
;;;" "
;;;" "
;;;" "
;;;" "
;;;" "
;;;" "
;;;" "
;;;" "
;;;" "
;;;" "
;;;" "
;;;" "
;;;" "
;;;" "
;;;" "
;;;" "
;;;" "
;;;" "
;;;" "
;;;" "
;;;" "
;;;" "
;;;" "
;;;" "
;;;" "
;;;" "
;;;" "
;;;" "
;;;" "
;;;" "
;;;" "
;;;" "
;;;" "
;;;" "
;;;" "
;;;" "
;;;" "
;;;" "
;;;" "
;;;" "
;;;" "
;;;" "
;;;" "
;;;" "
;;;" "
;;;" "
;;;" "
;;;" "
;;;" "
;;;" "
;;;" "
;;;" "
;;;" "
;;;" "
;;;" "
;;;" "
;;;" "
;;;" "
;;;" "
;;;" "
;;;" "
;;;" "
;;;" "
;;;" "
;;;" "
;;;" "
;;;" "
;;;" "
;;;" "
;;;" "
;;;" "
;;;" "
;;;" "
;;;" "
;;;" "
;;;" "
;;;" "
;;;" "
;;;" "
;;;" "
;;;" "
;;;" "
;;;" "
;;;" "
;;;" "
;;;" "
;;;" "
;;;" "
;;;" "
;;;" "
;;;" "
;;;" "
;;;" "
;;;" "
;;;" "
;;;" "
;;;" "
;;;" "
;;;" "
;;;" "
;;;" "
;;;" "
;;;" "
;;;" "
;;;" "
;;;" "
;;;" "
;;;" "
;;;" "
;;;" "
;;;" "
;;;" "
;;;" "
;;;" "
;;;" "
;;;" "
;;;" "
;;;" "
;;;" "
;;;" "
;;;" "
;;;" "
;;;" "
;;;" "
;;;" "
;;;" "
;;;" "
;;;" "
;;;" "
;;;" "
;;;" "
;;;" "
;;;" "
;;;" "
;;;" "
;;;" "
;;;" "
;;;" "
;;;" "
;;;" "
;;;" "
;;;" "
;;;" "
;;;" "
;;;" "
;;;" "
;;;" "
;;;" "
;;;" "
;;;" "
;;;" "
;;;" "
;;;" "
;;;" "
;;;" "
;;;" "
;;;" "
;;;" "
;;;" "
;;;" "
;;;" "
;;;" "
;;;" "
;;;" "
;;;" "
;;;" "
;;;" "
;;;" "
;;;" "
;;;" "
;;;" "
;;;" "
;;;" "
;;;" "
;;;" "
;;;" "
;;;" "
;;;" "
;;;" "
;;;" "
;;;" "
;;;" "
;;;" "
;;;" "
;;;" "
;;;" "
;;;" "
;;;" "
;;;" "
;;;" "
;;;" "
;;;" "
;;;" "
;;;" "
;;;" "
;;;" "
;;;" "
;;;" "
;;;" "
;;;" "
;;;" "
;;;" "
;;;" "
;;;" "
;;;" "
;;;" "
;;;" "
;;;" "
;;;" "
;;;" "
;;;" "
;;;" "
;;;" "
;;;" "
;;;" "
;;;" "
;;;" "
;;;" "
;;;" "
;;;" "
;;;" "
;;;" "
;;;" "
;;;" "
;;;" "
;;;" "
;;;" "
;;;" "
;;;" "
;;;" "
;;;" "
;;;" "
;;;" "
;;;" "
;;;" "
;;;" "
;;;" "
;;;" "
;;;" "
;;;" "
;;;" "
;;;" "
;;;" "
;;;" "
;;;" "
;;;" "
;;;" "
;;;" "
;;;" "
;;;" "
;;;" "
;;;" "
;;;" "
;;;" "
;;;" "
;;;" "
;;;" "
;;;" "
;;;" "
;;;" "
;;;" "
;;;" "
;;;" "
;;;" "
;;;" "
;;;" "
;;;" "
;;;" "
;;;" "
;;;" "
;;;" "
;;;" "
;;;" "
;;;" "
;;;" "
;;;" "
;;;" "
;;;" "
;;;" "
;;;" "
;;;" "
;;;" "
;;;" "
;;;" "
;;;" "
;;;" "
;;;" "
;;;" "
;;;" "
;;;" "
;;;" "
;;;" "
;;;" "
;;;" "
;;;" "
;;;" "
;;;" "
;;;" "
;;;" "
;;;" "
;;;" "
;;;" "
;;;" "
;;;" "
;;;" "
;;;" "
;;;" "
;;;" "
;;;" "
;;;" "
;;;" "
;;;" "
;;;" "
;;;" "
;;;" "
;;;" "
;;;" "
;;;" "
;;;" "
;;;" "
;;;" "
;;;" "
;;;" "
;;;" "
;;;" "
;;;" "
;;;" "
;;;" "
;;;" "
;;;" "
;;;" "
;;;" "
;;;" "
;;;" "
;;;" "
;;;" "
;;;" "
;;;" "
;;;" "
;;;" "
;;;" "
;;;" "
;;;" "
;;;" "
;;;" "
;;;" "
;;;" "
;;;" "
;;;" "
;;;" "
;;;" "
;;;" "
;;;" "
;;;" "
;;;" "
;;;" "
;;;" "
;;;" "
;;;" "
;;;" "
;;;" "
;;;" "
;;;" "
;;;" "
;;;" "
;;;" "
;;;" "
;;;" "
;;;" "
;;;" "
;;;" "
;;;" "
;;;" "
;;;" "
;;;" "
;;;" "
;;;" "
;;;" "
;;;" "
;;;" "
;;;" "
;;;" "
;;;" "
;;;" "
;;;" "
;;;" "
;;;" "
;;;" "
;;;" "
;;;" "
;;;" "
;;;" "
;;;" "
;;;" "
;;;" "
;;;" "
;;;" "
;;;" "
;;;" "
;;;" "
;;;" "
;;;" "
;;;" "
;;;" "
;;;" "
;;;" "
;;;" "
;;;" "
;;;" "
;;;" "
;;;" "
;;;" "
;;;" "
;;;" "
;;;" "
;;;" "
;;;" "
;;;" "
;;;" "
;;;" "
;;;" "
;;;" "
;;;" "
;;;" "
;;;" "
;;;" "
;;;" "
;;;" "
;;;" "
;;;" "
;;;" "
;;;" "
;;;" "
;;;" "
;;;" "
;;;" "
;;;" "
;;;" "
;;;" "
;;;" "
;;;" "
;;;" "
;;;" "
;;;" "
;;;" "
;;;" "
;;;" "
;;;" "
;;;" "
;;;" "
;;;" "
;;;" "
;;;" "
;;;" "
;;;" "
;;;" "
;;;" "
;;;" "
;;;" "
;;;" "
;;;" "
;;;" "
;;;" "
;;;" "
;;;" "
;;;" "
;;;" "
;;;" "
;;;" "
;;;" "
;;;" "
;;;" "
;;;" "
;;;" "
;;;" "
;;;" "
;;;" "
;;;" "
;;;" "
;;;" "
;;;" "
;;;" "
;;;" "
;;;" "
;;;" "
;;;" "
;;;" "
;;;" "
;;;" "
;;;" "
;;;" "
;;;" "
;;;" "
;;;" "
;;;" "
;;;" "
;;;" "
;;;" "
;;;" "
;;;" "
;;;" "
;;;" "
;;;" "
;;;" "
;;;" "
;;;" "
;;;" "
;;;" "
;;;" "
;;;" "
;;;" "
;;;" "
;;;" "
;;;" "
;;;" "
;;;" "
;;;" "
;;;" "
;;;" "
;;;" "
;;;" "
;;;" "
;;;" "
;;;" "
;;;" "
;;;" "
;;;" "
;;;" "
;;;" "
;;;" "
;;;" "
;;;" "
;;;" "
;;;" "
;;;" "
;;;" "
;;;" "
;;;" "
;;;" "
;;;" "
;;;" "
;;;" "
;;;" "
;;;" "
;;;" "
;;;" "
;;;" "
;;;" "
;;;" "
;;;" "
;;;" "
;;;" "
;;;" "
;;;" "
;;;" "
;;;" "
;;;" "
;;;" "
;;;" "
;;;" "
;;;" "
;;;" "
;;;" "
;;;" "
;;;" "
;;;" "
;;;" "
;;;" "
;;;" "
;;;" "
;;;" "
;;;" "
;;;" "
;;;" "
;;;" "
;;;" "
;;;" "
;;;" "
;;;" "
;;;" "
;;;" "
;;;" "
;;;" "
;;;" "
;;;" "
;;;" "
;;;" "
;;;" "
;;;" "
;;;" "
;;;" "
;;;" "
;;;" "
;;;" "
;;;" "
;;;" "
;;;" "
;;;" "
;;;" "
;;;" "
;;;" "
;;;" "
;;;" "
;;;" "
;;;" "
;;;" "
;;;" "
;;;" "
;;;" "
;;;" "
;;;" "
;;;" "
;;;" "
;;;" "
;;;" "
;;;" "
;;;" "
;;;" "
;;;" "
;;;" "
;;;" "
;;;" "
;;;" "
;;;" "
;;;" "
;;;" "
;;;" "
;;;" "
;;;" "
;;;" "
;;;" "
;;;" "
;;;" "
;;;" "
;;;" "
;;;" "
;;;" "
;;;" "
;;;" "
;;;" "
;;;" "
;;;" "
;;;" "
;;;" "
;;;" "
;;;" "
;;;" "
;;;" "
;;;" "
;;;" "
;;;" "
;;;" "
;;;" "
;;;" "
;;;" "
;;;" "
;;;" "
;;;" "
;;;" "
;;;" "
;;;" "
;;;" "
;;;" "
;;;" "
;;;" "
;;;" "
;;;" "
;;;" "
;;;" "
;;;" "
;;;" "
;;;" "
;;;" "
;;;" "
;;;" "
;;;" "
;;;" "
;;;" "
;;;" "
;;;" "
;;;" "
;;;" "
;;;" "
;;;" "
;;;" "
;;;" "
;;;" "
;;;" "
;;;" "
;;;" "
;;;" "
;;;" "
;;;" "
;;;" "
;;;" "
;;;" "
;;;" "
;;;" "
;;;" "
;;;" "
;;;" "
;;;" "
;;;" "
;;;" "
;;;" "
;;;" "
;;;" "
;;;" "
;;;" "
;;;" "
;;;" "
;;;" "
;;;" "
;;;" "
;;;" "
;;;" "
;;;" "
;;;" "
;;;" "
;;;" "
;;;" "
;;;" "
;;;" "
;;;" "
;;;" "
;;;" "
;;;" "
;;;" "
;;;" "
;;;" "
;;;" "
;;;" "
;;;" "
;;;" "
;;;" "
;;;" "
;;;" "
;;;" "
;;;" "
;;;" "
;;;" "
;;;" "
;;;" "
;;;" "
;;;" "
;;;" "
;;;" "
;;;" "
;;;" "
;;;" "
;;;" "
;;;" "
;;;" "
;;;" "
;;;" "
;;;" "
;;;" "
;;;" "
;;;" "
;;;" "
;;;" "
;;;" "
;;;" "
;;;" "
;;;" "
;;;" "
;;;" "
;;;" "
;;;" "
;;;" "
;;;" "
;;;" "
;;;" "
;;;" "
;;;" "
;;;" "
;;;" "
;;;" "
;;;" "
;;;" "
;;;" "
;;;" "
;;;" "
;;;" "
;;;" "
;;;" "
;;;" "
;;;" "
;;;" "
;;;" "
;;;" "
;;;" "
;;;" "
;;;" "
;;;" "
;;;" "
;;;" "
;;;" "
;;;" "
;;;" "
;;;" "
;;;" "
;;;" "
;;;" "
;;;" "
;;;" "
;;;" "
;;;" "
;;;" "
;;;" "
;;;" "
;;;" "
;;;" "
;;;" "
;;;" "
;;;" "
;;;" "
;;;" "
;;;" "
;;;" "
;;;" "
;;;" "
;;;" "
;;;" "
;;;" "
;;;" "
;;;" "
;;;" "
;;;" "
;;;" "
;;;" "
;;;" "
;;;" "
;;;" "
;;;" "
;;;" "
;;;" "
;;;" "
;;;" "
;;;" "
;;;" "
;;;" "
;;;" "
;;;" "
;;;" "
;;;" "
;;;" "
;;;" "
;;;" "
;;;" "
;;;" "
;;;" "
;;;" "
;;;" "
;;;" "
;;;" "
;;;" "
;;;" "
;;;" "
;;;" "
;;;" "
;;;" "
;;;" "
;;;" "
;;;" "
;;;" "
;;;" "
;;;" "
;;;" "
;;;" "
;;;" "
;;;" "
;;;" "
;;;" "
;;;" "
;;;" "
;;;" "
;;;" "
;;;" "
;;;" "
;;;" "
;;;" "
;;;" "
;;;" "
;;;" "
;;;" "
;;;" "
;;;" "
;;;" "
;;;" "
;;;" "
;;;" "
;;;" "
;;;" "
;;;" "
;;;" "
;;;" "
;;;" "
;;;" "
;;;" "
;;;" "
;;;" "
;;;" "
;;;" "
;;;" "
;;;" "
;;;" "
;;;" "
;;;" "
;;;" "
;;;" "
;;;" "
;;;" "
;;;" "
;;;" "
;;;" "
;;;" "
;;;" "
;;;" "
;;;" "
;;;" "
;;;" "
;;;" "
;;;" "
;;;" "
;;;" "
;;;" "
;;;" "
;;;" "
;;;" "
;;;" "
;;;" "
;;;" "
;;;" "
;;;" "
;;;" "
;;;" "
;;;" "
;;;" "
;;;" "
;;;" "
;;;" "
;;;" "
;;;" "
;;;" "
;;;" "
;;;" "
;;;" "
;;;" "
;;;" "
;;;" "
;;;" "
;;;" "
;;;" "
;;;" "
;;;" "
;;;" "
;;;" "
;;;" "
;;;" "
;;;" "
;;;" "
;;;" "
;;;" "
;;;" "
;;;" "
;;;" "
;;;" "
;;;" "
;;;" "
;;;" "
;;;" "
;;;" "
;;;" "
;;;" "
;;;" "
;;;" "
;;;" "
;;;" "
;;;" "
;;;" "
;;;" "
;;;" "
;;;" "
;;;" "
;;;" "
;;;" "
;;;" "
;;;" "
;;;" "
;;;" "
;;;" "
;;;" "
;;;" "
;;;" "
;;;" "
;;;" "
;;;" "
;;;" "
;;;" "
;;;" "
;;;" "
;;;" "
;;;" "
;;;" "
;;;" "
;;;" "
;;;" "
;;;" "
;;;" "
;;;" "
;;;" "
;;;" "
;;;" "
;;;" "
;;;" "
;;;" "
;;;" "
;;;" "
;;;" "
;;;" "
;;;" "
;;;" "
;;;" "
;;;" "
;;;" "
;;;" "
;;;" "
;;;" "
;;;" "
;;;" "
;;;" "
;;;" "
;;;" "
;;;" "
;;;" "
;;;" "
;;;" "
;;;" "
;;;" "
;;;" "
;;;" "
;;;" "
;;;" "
;;;" "
;;;" "
;;;" "
;;;" "
;;;" "
;;;" "
;;;" "
;;;" "
;;;" "
;;;" "
;;;" "
;;;" "
;;;" "
;;;" "
;;;" "
;;;" "
;;;" "
;;;" "
;;;" "
;;;" "
;;;" "
;;;" "
;;;" "
;;;" "
;;;" "
;;;" "
;;;" "
;;;" "
;;;" "
;;;" "
;;;" "
;;;" "
;;;" "
;;;" "
;;;" "
;;;" "
;;;" "
;;;" "
;;;" "
;;;" "
;;;" "
;;;" "
;;;" "
;;;" "
;;;" "
;;;" "
;;;" "
;;;" "
;;;" "
;;;" "
;;;" "
;;;" "
;;;" "
;;;" "
;;;" "
;;;" "
;;;" "
;;;" "
;;;" "
;;;" "
;;;" "
;;;" "
;;;" "
;;;" "
;;;" "
;;;" "
;;;" "
;;;" "
;;;" "
;;;" "
;;;" "
;;;" "
;;;" "
;;;" "
;;;" "
;;;" "
;;;" "
;;;" "
;;;" "
;;;" "
;;;" "
;;;" "
;;;" "
;;;" "
;;;" "
;;;" "
;;;" "
;;;" "
;;;" "
;;;" "
;;;" "
;;;" "
;;;" "
;;;" "
;;;" "
;;;" "
;;;" "
;;;" "
;;;" "
;;;" "
;;;" "
;;;" "
;;;" "
;;;" "
;;;" "
;;;" "
;;;" "
;;;" "
;;;" "
;;;" "
;;;" "
;;;" "
;;;" "
;;;" "
;;;" "
;;;" "
;;;" "
;;;" "
;;;" "
;;;" "
;;;" "
;;;" "
;;;" "
;;;" "
;;;" "
;;;" "
;;;" "
;;;" "
;;;" "
;;;" "
;;;" "
;;;" "
;;;" "
;;;" "
;;;" "
;;;" "
;;;" "
;;;" "
;;;" "
;;;" "
;;;" "
;;;" "
;;;" "
;;;" "
;;;" "
;;;" "
;;;" "
;;;" "
;;;" "
;;;" "
;;;" "
;;;" "
;;;" "
;;;" "
;;;" "
;;;" "
;;;" "
;;;" "
;;;" "
;;;" "
;;;" "
;;;" "
;;;" "
;;;" "
;;;" "
;;;" "
;;;" "
;;;" "
;;;" "
;;;" "
;;;" "
;;;" "
;;;" "
;;;" "
;;;" "
;;;" "
;;;" "
;;;" "
;;;" "
;;;" "
;;;" "
;;;" "
;;;" "
;;;" "
;;;" "
;;;" "
;;;" "
;;;" "
;;;" "
;;;" "
;;;" "
;;;" "
;;;" "
;;;" "
;;;" "
;;;" "
;;;" "
;;;" "
;;;" "
;;;" "
;;;" "
;;;" "
;;;" "
;;;" "
;;;" "
;;;" "
;;;" "
;;;" "
;;;" "
;;;" "
;;;" "
;;;" "
;;;" "
;;;" "
;;;" "
;;;" "
;;;" "
;;;" "
;;;" "
;;;" "
;;;" "
;;;" "
;;;" "
;;;" "
;;;" "
;;;" "
;;;" "
;;;" "
;;;" "
;;;" "
;;;" "
;;;" "
;;;" "
;;;" "
;;;" "
;;;" "
;;;" "
;;;" "
;;;" "
;;;" "
;;;" "
;;;" "
;;;" "
;;;" "
;;;" "
;;;" "
;;;" "
;;;" "
;;;" "
;;;" "
;;;" "
;;;" "
;;;" "
;;;" "
;;;" "
;;;" "
;;;" "
;;;" "
;;;" "
;;;" "
;;;" "
;;;" "
;;;" "
;;;" "
;;;" "
;;;" "
;;;" "
;;;" "
;;;" "
;;;" "
;;;" "
;;;" "
;;;" "
;;;" "
;;;" "
;;;" "
;;;" "
;;;" "
;;;" "
;;;" "
;;;" "
;;;" "
;;;" "
;;;" "
;;;" "
;;;" "
;;;" "
;;;" "
;;;" "
;;;" "
;;;" "
;;;" "
;;;" "
;;;" "
;;;" "
;;;" "
;;;" "
;;;" "
;;;" "
;;;" "
;;;" "
;;;" "
;;;" "
;;;" "
;;;" "
;;;" "
;;;" "
;;;" "
;;;" "
;;;" "
;;;" "
;;;" "
;;;" "
;;;" "
;;;" "
;;;" "
;;;" "
;;;" "
;;;" "
;;;" "
;;;" "
;;;" "
;;;" "
;;;" "
;;;" "
;;;" "
;;;" "
;;;" "
;;;" "
;;;" "
;;;" "
;;;" "
;;;" "
;;;" "
;;;" "
;;;" "
;;;" "
;;;" "
;;;" "
;;;" "
;;;" "
;;;" "
;;;" "
;;;" "
;;;" "
;;;" "
;;;" "
;;;" "
;;;" "
;;;" "
;;;" "
;;;" "
;;;" "
;;;" "
;;;" "
;;;" "
;;;" "
;;;" "
;;;" "
;;;" "
;;;" "
;;;" "
;;;" "
;;;" "
;;;" "
;;;" "
;;;" "
;;;" "
;;;" "
;;;" "
;;;" "
;;;" "
;;;" "
;;;" "
;;;" "
;;;" "
;;;" "
;;;" "
;;;" "
;;;" "
;;;" "
;;;" "
;;;" "
;;;" "
;;;" "
;;;" "
;;;" "
;;;" "
;;;" "
;;;" "
;;;" "
;;;" "
;;;" "
;;;" "
;;;" "
;;;" "
;;;" "
;;;" "
;;;" "
;;;" "
;;;" "
;;;" "
;;;" "
;;;" "
;;;" "
;;;" "
;;;" "
;;;" "
;;;" "
;;;" "
;;;" "
;;;" "
;;;" "
;;;" "
;;;" "
;;;" "
;;;" "
;;;" "
;;;" "
;;;" "
;;;" "
;;;" "
;;;" "
;;;" "
;;;" "
;;;" "
;;;" "
;;;" "
;;;" "
;;;" "
;;;" "
;;;" "
;;;" "
;;;" "
;;;" "
;;;" "
;;;" "
;;;" "
;;;" "
;;;" "
;;;" "
;;;" "
;;;" "
;;;" "
;;;" "
;;;" "
;;;" "
;;;" "
;;;" "
;;;" "
;;;" "
;;;" "
;;;" "
;;;" "
;;;" "
;;;" "
;;;" "
;;;" "
;;;" "
;;;" "
;;;" "
;;;" "
;;;" "
;;;" "
;;;" "
;;;" "
;;;" "
;;;" "
;;;" "
;;;" "
;;;" "
;;;" "
;;;" "
;;;" "
;;;" "
;;;" "
;;;" "
;;;" "
;;;" "
;;;" "
;;;" "
;;;" "
;;;" "
;;;" "
;;;" "
;;;" "
;;;" "
;;;" "
;;;" "
;;;" "
;;;" "
;;;" "
;;;" "
;;;" "
;;;" "
;;;" "
;;;" "
;;;" "
;;;" "
;;;" "
;;;" "
;;;" "
;;;" "
;;;" "
;;;" "
;;;" "
;;;" "
;;;" "
;;;" "
;;;" "
;;;" "
;;;" "
;;;" "
;;;" "
;;;" "
;;;" "
;;;" "
;;;" "
;;;" "
;;;" "
;;;" "
;;;" "
;;;" "
;;;" "
;;;" "
;;;" "
;;;" "
;;;" "
;;;" "
;;;" "
;;;" "
;;;" "
;;;" "
;;;" "
;;;" "
;;;" "
;;;" "
;;;" "
;;;" "
;;;" "
;;;" "
;;;" "
;;;" "
;;;" "
;;;" "
;;;" "
;;;" "
;;;" "
;;;" "
;;;" "
;;;" "
;;;" "
;;;" "
;;;" "
;;;" "
;;;" "
;;;" "
;;;" "
;;;" "
;;;" "
;;;" "
;;;" "
;;;" "
;;;" "
;;;" "
;;;" "
;;;" "
;;;" "
;;;" "
;;;" "
;;;" "
;;;" "
;;;" "
;;;" "
;;;" "
;;;" "
;;;" "
;;;" "
;;;" "
;;;" "
;;;" "
;;;" "
;;;" "
;;;" "
;;;" "
;;;" "
;;;" "
;;;" "
;;;" "
;;;" "
;;;" "
;;;" "
;;;" "
;;;" "
;;;" "
;;;" "
;;;" "
;;;" "
;;;" "
;;;" "
;;;" "
;;;" "
;;;" "
;;;" "
;;;" "
;;;" "
;;;" "
;;;" "
;;;" "
;;;" "
;;;" "
;;;" "
;;;" "
;;;" "
;;;" "
;;;" "
;;;" "
;;;" "
;;;" "
;;;" "
;;;" "
;;;" "
;;;" "
;;;" "
;;;" "
;;;" "
;;;" "
;;;" "
;;;" "
;;;" "
;;;" "
;;;" "
;;;" "
;;;" "
;;;" "
;;;" "
;;;" "
;;;" "
;;;" "
;;;" "
;;;" "
;;;" "
;;;" "
;;;" "
;;;" "
;;;" "
;;;" "
;;;" "
;;;" "
;;;" "
;;;" "
;;;" "
;;;" "
;;;" "
;;;" "
;;;" "
;;;" "
;;;" "
;;;" "
;;;" "
;;;" "
;;;" "
;;;" "
;;;" "
;;;" "
;;;" "
;;;" "
;;;" "
;;;" "
;;;" "
;;;" "
;;;" "
;;;" "
;;;" "
;;;" "
;;;" "
;;;" "
;;;" "
;;;" "
;;;" "
;;;" "
;;;" "
;;;" "
;;;" "
;;;" "
;;;" "
;;;" "
;;;" "
;;;" "
;;;" "
;;;" "
;;;" "
;;;" "
;;;" "
;;;" "
;;;" "
;;;" "
;;;" "
;;;" "
;;;" "
;;;" "
;;;" "
;;;" "
;;;" "
;;;" "
;;;" "
;;;" "
;;;" "
;;;" "
;;;" "
;;;" "
;;;" "
;;;" "
;;;" "
;;;" "
;;;" "
;;;" "
;;;" "
;;;" "
;;;" "
;;;" "
;;;" "
;;;" "
;;;" "
;;;" "
;;;" "
;;;" "
;;;" "
;;;" "
;;;" "
;;;" "
;;;" "
;;;" "
;;;" "
;;;" "
;;;" "
;;;" "
;;;" "
;;;" "
;;;" "
;;;" "
;;;" "
;;;" "
;;;" "
;;;" "
;;;" "
;;;" "
;;;" "
;;;" "
;;;" "
;;;" "
;;;" "
;;;" "
;;;" "
;;;" "
;;;" "
;;;" "
;;;" "
;;;" "
;;;" "
;;;" "
;;;" "
;;;" "
;;;" "
;;;" "
;;;" "
;;;" "
;;;" "
;;;" "
;;;" "
;;;" "
;;;" "
;;;" "
;;;" "
;;;" "
;;;" "
;;;" "
;;;" "
;;;" "
;;;" "
;;;" "
;;;" "
;;;" "
;;;" "
;;;" "
;;;" "
;;;" "
;;;" "
;;;" "
;;;" "
;;;" "
;;;" "
;;;" "
;;;" "
;;;" "
;;;" "
;;;" "
;;;" "
;;;" "
;;;" "
;;;" "
;;;" "
;;;" "
;;;" "
;;;" "
;;;" "
;;;" "
;;;" "
;;;" "
;;;" "
;;;" "
;;;" "
;;;" "
;;;" "
;;;" "
;;;" "
;;;" "
;;;" "
;;;" "
;;;" "
;;;" "
;;;" "
;;;" "
;;;" "
;;;" "
;;;" "
;;;" "
;;;" "
;;;" "
;;;" "
;;;" "
;;;" "
;;;" "
;;;" "
;;;" "
;;;" "
;;;" "
;;;" "
;;;" "
;;;" "
;;;" "
;;;" "
;;;" "
;;;" "
;;;" "
;;;" "
;;;" "
;;;" "
;;;" "
;;;" "
;;;" "
;;;" "
;;;" "
;;;" "
;;;" "
;;;" "
;;;" "
;;;" "
;;;" "
;;;" "
;;;" "
;;;" "
;;;" "
;;;" "
;;;" "
;;;" "
;;;" "
;;;" "
;;;" "
;;;" "
;;;" "
;;;" "
;;;" "
;;;" "
;;;" "
;;;" "
;;;" "
;;;" "
;;;" "
;;;" "
;;;" "
;;;" "
;;;" "
;;;" "
;;;" "
;;;" "
;;;" "
;;;" "
;;;" "
;;;" "
;;;" "
;;;" "
;;;" "
;;;" "
;;;" "
;;;" "
;;;" "
;;;" "
;;;" "
;;;" "
;;;" "
;;;" "
;;;" "
;;;" "
;;;" "
;;;" "
;;;" "
;;;" "
;;;" "
;;;" "
;;;" "
;;;" "
;;;" "
;;;" "
;;;" "
;;;" "
;;;" "
;;;" "
;;;" "
;;;" "
;;;" "
;;;" "
;;;" "
;;;" "
;;;" "
;;;" "
;;;" "
;;;" "
;;;" "
;;;" "
;;;" "
;;;" "
;;;" "
;;;" "
;;;" "
;;;" "
;;;" "
;;;" "
;;;" "
;;;" "
;;;" "
;;;" "
;;;" "
;;;" "
;;;" "
;;;" "
;;;" "
;;;" "
;;;" "
;;;" "
;;;" "
;;;" "
;;;" "
;;;" "
;;;" "
;;;" "
;;;" "
;;;" "
;;;" "
;;;" "
;;;" "
;;;" "
;;;" "
;;;" "
;;;" "
;;;" "
;;;" "
;;;" "
;;;" "
;;;" "
;;;" "
;;;" "
;;;" "
;;;" "
;;;" "
;;;" "
;;;" "
;;;" "
;;;" "
;;;" "
;;;" "
;;;" "
;;;" "
;;;" "
;;;" "
;;;" "
;;;" "
;;;" "
;;;" "
;;;" "
;;;" "
;;;" "
;;;" "
;;;" "
;;;" "
;;;" "
;;;" "
;;;" "
;;;" "
;;;" "
;;;" "
;;;" "
;;;" "
;;;" "
;;;" "
;;;" "
;;;" "
;;;" "
;;;" "
;;;" "
;;;" "
;;;" "
;;;" "
;;;" "
;;;" "
;;;" "
;;;" "
;;;" "
;;;" "
;;;" "
;;;" "
;;;" "
;;;" "
;;;" "
;;;" "
;;;" "
;;;" "
;;;" "
;;;" "
;;;" "
;;;" "
;;;" "
;;;" "
;;;" "
;;;" "
;;;" "
;;;" "
;;;" "
;;;" "
;;;" "
;;;" "
;;;" "
;;;" "
;;;" "
;;;" "
;;;" "
;;;" "
;;;" "
;;;" "
;;;" "
;;;" "
;;;" "
;;;" "
;;;" "
;;;" "
;;;" "
;;;" "
;;;" "
;;;" "
;;;" "
;;;" "
;;;" "
;;;" "
;;;" "
;;;" "
;;;" "
;;;" "
;;;" "
;;;" "
;;;" "
;;;" "
;;;" "
;;;" "
;;;" "
;;;" "
;;;" "
;;;" "
;;;" "
;;;" "
;;;" "
;;;" "
;;;" "
;;;" "
;;;" "
;;;" "
;;;" "
;;;" "
;;;" "
;;;" "
;;;" "
;;;" "
;;;" "
;;;" "
;;;" "
;;;" "
;;;" "
;;;" "
;;;" "
;;;" "
;;;" "
;;;" "
;;;" "
;;;" "
;;;" "
;;;" "
;;;" "
;;;" "
;;;" "
;;;" "
;;;" "
;;;" "
;;;" "
;;;" "
;;;" "
;;;" "
;;;" "
;;;" "
;;;" "
;;;" "
;;;" "
;;;" "
;;;" "
;;;" "
;;;" "
;;;" "
;;;" "
;;;" "
;;;" "
;;;" "
;;;" "
;;;" "
;;;" "
;;;" "
;;;" "
;;;" "
;;;" "
;;;" "
;;;" "
